scenario,mode,pair,side,status,elapsed_ms,wall_seconds,instructions,cycles,control_sha256,files_sha256
bmp_rotate,plain,1,main,ok,189.0,0.26614,3647364103,1102611395,7b0ca3eb4892d5e96a8a21857fc3941580c2aee54f5610d37f12b68ad5b71564,44136fa355b3678a1146ad16f7e8649e94fb4fc21fe77e8310c060f61caaff8a
bmp_rotate,plain,1,current,ok,210.0,0.292974,3705219526,1222214694,7b0ca3eb4892d5e96a8a21857fc3941580c2aee54f5610d37f12b68ad5b71564,44136fa355b3678a1146ad16f7e8649e94fb4fc21fe77e8310c060f61caaff8a
bmp_rotate,plain,2,current,ok,210.0,0.290924,3705203673,1215913836,7b0ca3eb4892d5e96a8a21857fc3941580c2aee54f5610d37f12b68ad5b71564,44136fa355b3678a1146ad16f7e8649e94fb4fc21fe77e8310c060f61caaff8a
bmp_rotate,plain,2,main,ok,190.0,0.270306,3647376519,1112439710,7b0ca3eb4892d5e96a8a21857fc3941580c2aee54f5610d37f12b68ad5b71564,44136fa355b3678a1146ad16f7e8649e94fb4fc21fe77e8310c060f61caaff8a
bmp_rotate,plain,3,main,ok,189.0,0.26801,3647354833,1105103091,7b0ca3eb4892d5e96a8a21857fc3941580c2aee54f5610d37f12b68ad5b71564,44136fa355b3678a1146ad16f7e8649e94fb4fc21fe77e8310c060f61caaff8a
bmp_rotate,plain,3,current,ok,212.0,0.298814,3705238817,1242964367,7b0ca3eb4892d5e96a8a21857fc3941580c2aee54f5610d37f12b68ad5b71564,44136fa355b3678a1146ad16f7e8649e94fb4fc21fe77e8310c060f61caaff8a
bmp_rotate,plain,4,current,ok,211.0,0.294784,3705214740,1217876026,7b0ca3eb4892d5e96a8a21857fc3941580c2aee54f5610d37f12b68ad5b71564,44136fa355b3678a1146ad16f7e8649e94fb4fc21fe77e8310c060f61caaff8a
bmp_rotate,plain,4,main,ok,189.0,0.267367,3647364915,1092230792,7b0ca3eb4892d5e96a8a21857fc3941580c2aee54f5610d37f12b68ad5b71564,44136fa355b3678a1146ad16f7e8649e94fb4fc21fe77e8310c060f61caaff8a
bmp_rotate,plain,5,main,ok,190.0,0.268089,3647353306,1096402447,7b0ca3eb4892d5e96a8a21857fc3941580c2aee54f5610d37f12b68ad5b71564,44136fa355b3678a1146ad16f7e8649e94fb4fc21fe77e8310c060f61caaff8a
bmp_rotate,plain,5,current,ok,234.0,0.325918,3705244044,1355793267,7b0ca3eb4892d5e96a8a21857fc3941580c2aee54f5610d37f12b68ad5b71564,44136fa355b3678a1146ad16f7e8649e94fb4fc21fe77e8310c060f61caaff8a
bmp_rotate,optimize,1,main,ok,170.0,0.244542,3296992555,1001757829,7b0ca3eb4892d5e96a8a21857fc3941580c2aee54f5610d37f12b68ad5b71564,44136fa355b3678a1146ad16f7e8649e94fb4fc21fe77e8310c060f61caaff8a
bmp_rotate,optimize,1,current,ok,175.0,0.251052,3372784772,1019124301,7b0ca3eb4892d5e96a8a21857fc3941580c2aee54f5610d37f12b68ad5b71564,44136fa355b3678a1146ad16f7e8649e94fb4fc21fe77e8310c060f61caaff8a
bmp_rotate,optimize,2,current,ok,176.0,0.251385,3372753616,1028638974,7b0ca3eb4892d5e96a8a21857fc3941580c2aee54f5610d37f12b68ad5b71564,44136fa355b3678a1146ad16f7e8649e94fb4fc21fe77e8310c060f61caaff8a
bmp_rotate,optimize,2,main,ok,167.0,0.240636,3296967032,979198571,7b0ca3eb4892d5e96a8a21857fc3941580c2aee54f5610d37f12b68ad5b71564,44136fa355b3678a1146ad16f7e8649e94fb4fc21fe77e8310c060f61caaff8a
bmp_rotate,optimize,3,main,ok,170.0,0.244049,3296968403,995357352,7b0ca3eb4892d5e96a8a21857fc3941580c2aee54f5610d37f12b68ad5b71564,44136fa355b3678a1146ad16f7e8649e94fb4fc21fe77e8310c060f61caaff8a
bmp_rotate,optimize,3,current,ok,174.0,0.251147,3372771542,1021864348,7b0ca3eb4892d5e96a8a21857fc3941580c2aee54f5610d37f12b68ad5b71564,44136fa355b3678a1146ad16f7e8649e94fb4fc21fe77e8310c060f61caaff8a
bmp_rotate,optimize,4,current,ok,173.0,0.248371,3372772883,1016812061,7b0ca3eb4892d5e96a8a21857fc3941580c2aee54f5610d37f12b68ad5b71564,44136fa355b3678a1146ad16f7e8649e94fb4fc21fe77e8310c060f61caaff8a
bmp_rotate,optimize,4,main,ok,167.0,0.242395,3296961737,990810640,7b0ca3eb4892d5e96a8a21857fc3941580c2aee54f5610d37f12b68ad5b71564,44136fa355b3678a1146ad16f7e8649e94fb4fc21fe77e8310c060f61caaff8a
bmp_rotate,optimize,5,main,ok,169.0,0.243032,3296972103,993841209,7b0ca3eb4892d5e96a8a21857fc3941580c2aee54f5610d37f12b68ad5b71564,44136fa355b3678a1146ad16f7e8649e94fb4fc21fe77e8310c060f61caaff8a
bmp_rotate,optimize,5,current,ok,172.0,0.246425,3372764873,1004769395,7b0ca3eb4892d5e96a8a21857fc3941580c2aee54f5610d37f12b68ad5b71564,44136fa355b3678a1146ad16f7e8649e94fb4fc21fe77e8310c060f61caaff8a
call_overhead,plain,1,main,ok,120.0,0.151079,1928423980,578601055,7dfe3a5633a78a9134d82101d8707f3002e13d42ea672d0348f8f3674883d439,44136fa355b3678a1146ad16f7e8649e94fb4fc21fe77e8310c060f61caaff8a
call_overhead,plain,1,current,ok,121.0,0.152265,2059543012,588909228,7dfe3a5633a78a9134d82101d8707f3002e13d42ea672d0348f8f3674883d439,44136fa355b3678a1146ad16f7e8649e94fb4fc21fe77e8310c060f61caaff8a
call_overhead,plain,2,current,ok,125.0,0.156731,2059563014,605747662,7dfe3a5633a78a9134d82101d8707f3002e13d42ea672d0348f8f3674883d439,44136fa355b3678a1146ad16f7e8649e94fb4fc21fe77e8310c060f61caaff8a
call_overhead,plain,2,main,ok,118.0,0.148257,1928434804,573680872,7dfe3a5633a78a9134d82101d8707f3002e13d42ea672d0348f8f3674883d439,44136fa355b3678a1146ad16f7e8649e94fb4fc21fe77e8310c060f61caaff8a
call_overhead,plain,3,main,ok,119.0,0.150249,1928444098,578867237,7dfe3a5633a78a9134d82101d8707f3002e13d42ea672d0348f8f3674883d439,44136fa355b3678a1146ad16f7e8649e94fb4fc21fe77e8310c060f61caaff8a
call_overhead,plain,3,current,ok,120.0,0.151303,2059542601,584090480,7dfe3a5633a78a9134d82101d8707f3002e13d42ea672d0348f8f3674883d439,44136fa355b3678a1146ad16f7e8649e94fb4fc21fe77e8310c060f61caaff8a
call_overhead,plain,4,current,ok,120.0,0.151864,2059565028,582322293,7dfe3a5633a78a9134d82101d8707f3002e13d42ea672d0348f8f3674883d439,44136fa355b3678a1146ad16f7e8649e94fb4fc21fe77e8310c060f61caaff8a
call_overhead,plain,4,main,ok,118.0,0.148371,1928428079,572755032,7dfe3a5633a78a9134d82101d8707f3002e13d42ea672d0348f8f3674883d439,44136fa355b3678a1146ad16f7e8649e94fb4fc21fe77e8310c060f61caaff8a
call_overhead,plain,5,main,ok,117.0,0.146977,1928429279,565524811,7dfe3a5633a78a9134d82101d8707f3002e13d42ea672d0348f8f3674883d439,44136fa355b3678a1146ad16f7e8649e94fb4fc21fe77e8310c060f61caaff8a
call_overhead,plain,5,current,ok,127.0,0.158267,2059553755,619219594,7dfe3a5633a78a9134d82101d8707f3002e13d42ea672d0348f8f3674883d439,44136fa355b3678a1146ad16f7e8649e94fb4fc21fe77e8310c060f61caaff8a
call_overhead,optimize,1,main,ok,128.0,0.160898,1928626229,626529990,7dfe3a5633a78a9134d82101d8707f3002e13d42ea672d0348f8f3674883d439,44136fa355b3678a1146ad16f7e8649e94fb4fc21fe77e8310c060f61caaff8a
call_overhead,optimize,1,current,ok,120.0,0.150937,2059733464,587862278,7dfe3a5633a78a9134d82101d8707f3002e13d42ea672d0348f8f3674883d439,44136fa355b3678a1146ad16f7e8649e94fb4fc21fe77e8310c060f61caaff8a
call_overhead,optimize,2,current,ok,119.0,0.149952,2059752930,575422906,7dfe3a5633a78a9134d82101d8707f3002e13d42ea672d0348f8f3674883d439,44136fa355b3678a1146ad16f7e8649e94fb4fc21fe77e8310c060f61caaff8a
call_overhead,optimize,2,main,ok,122.0,0.152377,1928599810,593505817,7dfe3a5633a78a9134d82101d8707f3002e13d42ea672d0348f8f3674883d439,44136fa355b3678a1146ad16f7e8649e94fb4fc21fe77e8310c060f61caaff8a
call_overhead,optimize,3,main,ok,120.0,0.149507,1928596622,576190787,7dfe3a5633a78a9134d82101d8707f3002e13d42ea672d0348f8f3674883d439,44136fa355b3678a1146ad16f7e8649e94fb4fc21fe77e8310c060f61caaff8a
call_overhead,optimize,3,current,ok,122.0,0.154616,2059736195,590818788,7dfe3a5633a78a9134d82101d8707f3002e13d42ea672d0348f8f3674883d439,44136fa355b3678a1146ad16f7e8649e94fb4fc21fe77e8310c060f61caaff8a
call_overhead,optimize,4,current,ok,127.0,0.15835,2059723671,614634061,7dfe3a5633a78a9134d82101d8707f3002e13d42ea672d0348f8f3674883d439,44136fa355b3678a1146ad16f7e8649e94fb4fc21fe77e8310c060f61caaff8a
call_overhead,optimize,4,main,ok,124.0,0.15374,1928610215,600553086,7dfe3a5633a78a9134d82101d8707f3002e13d42ea672d0348f8f3674883d439,44136fa355b3678a1146ad16f7e8649e94fb4fc21fe77e8310c060f61caaff8a
call_overhead,optimize,5,main,ok,119.0,0.149028,1928606831,579168880,7dfe3a5633a78a9134d82101d8707f3002e13d42ea672d0348f8f3674883d439,44136fa355b3678a1146ad16f7e8649e94fb4fc21fe77e8310c060f61caaff8a
call_overhead,optimize,5,current,ok,121.0,0.152346,2059742089,583991705,7dfe3a5633a78a9134d82101d8707f3002e13d42ea672d0348f8f3674883d439,44136fa355b3678a1146ad16f7e8649e94fb4fc21fe77e8310c060f61caaff8a
csv_write,plain,1,main,ok,938.0,0.967474,12818989469,4233892046,e3b0c44298fc1c149afbf4c8996fb92427ae41e4649b934ca495991b7852b855,7d911fa93ce19ee4052aa99acd9f191ec8ece6bb2bae2b20a56ae05298ad196d
csv_write,plain,1,current,ok,1073.0,1.106173,13167041238,4852167442,e3b0c44298fc1c149afbf4c8996fb92427ae41e4649b934ca495991b7852b855,7d911fa93ce19ee4052aa99acd9f191ec8ece6bb2bae2b20a56ae05298ad196d
csv_write,plain,2,current,ok,1071.0,1.105713,13167053109,4843809305,e3b0c44298fc1c149afbf4c8996fb92427ae41e4649b934ca495991b7852b855,7d911fa93ce19ee4052aa99acd9f191ec8ece6bb2bae2b20a56ae05298ad196d
csv_write,plain,2,main,ok,940.0,0.972707,12818992823,4248129345,e3b0c44298fc1c149afbf4c8996fb92427ae41e4649b934ca495991b7852b855,7d911fa93ce19ee4052aa99acd9f191ec8ece6bb2bae2b20a56ae05298ad196d
csv_write,plain,3,main,ok,952.0,1.003425,12819000877,4294850275,e3b0c44298fc1c149afbf4c8996fb92427ae41e4649b934ca495991b7852b855,7d911fa93ce19ee4052aa99acd9f191ec8ece6bb2bae2b20a56ae05298ad196d
csv_write,plain,3,current,ok,1073.0,1.106238,13167059771,4853699771,e3b0c44298fc1c149afbf4c8996fb92427ae41e4649b934ca495991b7852b855,7d911fa93ce19ee4052aa99acd9f191ec8ece6bb2bae2b20a56ae05298ad196d
csv_write,optimize,1,main,ok,671.0,0.702937,9843571179,3035893334,e3b0c44298fc1c149afbf4c8996fb92427ae41e4649b934ca495991b7852b855,7d911fa93ce19ee4052aa99acd9f191ec8ece6bb2bae2b20a56ae05298ad196d
csv_write,optimize,1,current,ok,671.0,0.703187,10015393727,3023813607,e3b0c44298fc1c149afbf4c8996fb92427ae41e4649b934ca495991b7852b855,7d911fa93ce19ee4052aa99acd9f191ec8ece6bb2bae2b20a56ae05298ad196d
csv_write,optimize,2,current,ok,675.0,0.709139,10015426567,3051579109,e3b0c44298fc1c149afbf4c8996fb92427ae41e4649b934ca495991b7852b855,7d911fa93ce19ee4052aa99acd9f191ec8ece6bb2bae2b20a56ae05298ad196d
csv_write,optimize,2,main,ok,1075.0,1.106528,9843580829,4884656341,e3b0c44298fc1c149afbf4c8996fb92427ae41e4649b934ca495991b7852b855,7d911fa93ce19ee4052aa99acd9f191ec8ece6bb2bae2b20a56ae05298ad196d
csv_write,optimize,3,main,ok,653.0,0.683953,9843572866,2949201668,e3b0c44298fc1c149afbf4c8996fb92427ae41e4649b934ca495991b7852b855,7d911fa93ce19ee4052aa99acd9f191ec8ece6bb2bae2b20a56ae05298ad196d
csv_write,optimize,3,current,ok,688.0,0.722371,10015405548,3123245592,e3b0c44298fc1c149afbf4c8996fb92427ae41e4649b934ca495991b7852b855,7d911fa93ce19ee4052aa99acd9f191ec8ece6bb2bae2b20a56ae05298ad196d
csv_write_batched,plain,1,main,ok,46.0,0.079353,730743400,215116170,e3b0c44298fc1c149afbf4c8996fb92427ae41e4649b934ca495991b7852b855,7d911fa93ce19ee4052aa99acd9f191ec8ece6bb2bae2b20a56ae05298ad196d
csv_write_batched,plain,1,current,ok,50.0,0.080819,752002056,233300351,e3b0c44298fc1c149afbf4c8996fb92427ae41e4649b934ca495991b7852b855,7d911fa93ce19ee4052aa99acd9f191ec8ece6bb2bae2b20a56ae05298ad196d
csv_write_batched,plain,2,current,ok,53.0,0.084875,751967675,233798265,e3b0c44298fc1c149afbf4c8996fb92427ae41e4649b934ca495991b7852b855,7d911fa93ce19ee4052aa99acd9f191ec8ece6bb2bae2b20a56ae05298ad196d
csv_write_batched,plain,2,main,ok,48.0,0.078103,730747435,213953791,e3b0c44298fc1c149afbf4c8996fb92427ae41e4649b934ca495991b7852b855,7d911fa93ce19ee4052aa99acd9f191ec8ece6bb2bae2b20a56ae05298ad196d
csv_write_batched,plain,3,main,ok,46.0,0.078575,730738712,212707501,e3b0c44298fc1c149afbf4c8996fb92427ae41e4649b934ca495991b7852b855,7d911fa93ce19ee4052aa99acd9f191ec8ece6bb2bae2b20a56ae05298ad196d
csv_write_batched,plain,3,current,ok,50.0,0.08199,751979691,230922696,e3b0c44298fc1c149afbf4c8996fb92427ae41e4649b934ca495991b7852b855,7d911fa93ce19ee4052aa99acd9f191ec8ece6bb2bae2b20a56ae05298ad196d
csv_write_batched,optimize,1,main,ok,40.0,0.071767,659584120,187571999,e3b0c44298fc1c149afbf4c8996fb92427ae41e4649b934ca495991b7852b855,7d911fa93ce19ee4052aa99acd9f191ec8ece6bb2bae2b20a56ae05298ad196d
csv_write_batched,optimize,1,current,ok,39.0,0.072453,676609606,189456466,e3b0c44298fc1c149afbf4c8996fb92427ae41e4649b934ca495991b7852b855,7d911fa93ce19ee4052aa99acd9f191ec8ece6bb2bae2b20a56ae05298ad196d
csv_write_batched,optimize,2,current,ok,41.0,0.074035,676625889,191391685,e3b0c44298fc1c149afbf4c8996fb92427ae41e4649b934ca495991b7852b855,7d911fa93ce19ee4052aa99acd9f191ec8ece6bb2bae2b20a56ae05298ad196d
csv_write_batched,optimize,2,main,ok,41.0,0.072489,659582389,189266597,e3b0c44298fc1c149afbf4c8996fb92427ae41e4649b934ca495991b7852b855,7d911fa93ce19ee4052aa99acd9f191ec8ece6bb2bae2b20a56ae05298ad196d
csv_write_batched,optimize,3,main,ok,41.0,0.073688,659579316,188790071,e3b0c44298fc1c149afbf4c8996fb92427ae41e4649b934ca495991b7852b855,7d911fa93ce19ee4052aa99acd9f191ec8ece6bb2bae2b20a56ae05298ad196d
csv_write_batched,optimize,3,current,ok,42.0,0.073715,676605629,194240918,e3b0c44298fc1c149afbf4c8996fb92427ae41e4649b934ca495991b7852b855,7d911fa93ce19ee4052aa99acd9f191ec8ece6bb2bae2b20a56ae05298ad196d
edata_writer,plain,1,main,ok,71.0,0.130363,962693458,376941992,c4f37ecd8923bc057cde654cfcc1349044387bf46446b10ba9b78566c0b1650a,0635e81195146d6e7824cc96f8ace61a82720567ca81d1d90e06fc4874f7652a
edata_writer,plain,1,current,ok,72.0,0.129888,972083154,385938288,c4f37ecd8923bc057cde654cfcc1349044387bf46446b10ba9b78566c0b1650a,0635e81195146d6e7824cc96f8ace61a82720567ca81d1d90e06fc4874f7652a
edata_writer,plain,2,current,ok,73.0,0.132426,972056568,393468831,c4f37ecd8923bc057cde654cfcc1349044387bf46446b10ba9b78566c0b1650a,0635e81195146d6e7824cc96f8ace61a82720567ca81d1d90e06fc4874f7652a
edata_writer,plain,2,main,ok,73.0,0.1307,962778944,384286157,c4f37ecd8923bc057cde654cfcc1349044387bf46446b10ba9b78566c0b1650a,0635e81195146d6e7824cc96f8ace61a82720567ca81d1d90e06fc4874f7652a
edata_writer,plain,3,main,ok,72.0,0.131647,962787049,384952134,c4f37ecd8923bc057cde654cfcc1349044387bf46446b10ba9b78566c0b1650a,0635e81195146d6e7824cc96f8ace61a82720567ca81d1d90e06fc4874f7652a
edata_writer,plain,3,current,ok,71.0,0.130922,972189314,383949762,c4f37ecd8923bc057cde654cfcc1349044387bf46446b10ba9b78566c0b1650a,0635e81195146d6e7824cc96f8ace61a82720567ca81d1d90e06fc4874f7652a
edata_writer,plain,4,current,ok,72.0,0.129608,972293405,380652710,c4f37ecd8923bc057cde654cfcc1349044387bf46446b10ba9b78566c0b1650a,0635e81195146d6e7824cc96f8ace61a82720567ca81d1d90e06fc4874f7652a
edata_writer,plain,4,main,ok,70.0,0.128404,961821082,376749190,c4f37ecd8923bc057cde654cfcc1349044387bf46446b10ba9b78566c0b1650a,0635e81195146d6e7824cc96f8ace61a82720567ca81d1d90e06fc4874f7652a
edata_writer,plain,5,main,ok,72.0,0.130152,962859616,382732065,c4f37ecd8923bc057cde654cfcc1349044387bf46446b10ba9b78566c0b1650a,0635e81195146d6e7824cc96f8ace61a82720567ca81d1d90e06fc4874f7652a
edata_writer,plain,5,current,ok,73.0,0.130823,972180424,388119253,c4f37ecd8923bc057cde654cfcc1349044387bf46446b10ba9b78566c0b1650a,0635e81195146d6e7824cc96f8ace61a82720567ca81d1d90e06fc4874f7652a
edata_writer,optimize,1,main,ok,71.0,0.129468,944404569,374999628,c4f37ecd8923bc057cde654cfcc1349044387bf46446b10ba9b78566c0b1650a,0635e81195146d6e7824cc96f8ace61a82720567ca81d1d90e06fc4874f7652a
edata_writer,optimize,1,current,ok,71.0,0.132166,959692037,387739311,c4f37ecd8923bc057cde654cfcc1349044387bf46446b10ba9b78566c0b1650a,0635e81195146d6e7824cc96f8ace61a82720567ca81d1d90e06fc4874f7652a
edata_writer,optimize,2,current,ok,72.0,0.132678,959753304,385080979,c4f37ecd8923bc057cde654cfcc1349044387bf46446b10ba9b78566c0b1650a,0635e81195146d6e7824cc96f8ace61a82720567ca81d1d90e06fc4874f7652a
edata_writer,optimize,2,main,ok,68.0,0.129546,944657917,373178243,c4f37ecd8923bc057cde654cfcc1349044387bf46446b10ba9b78566c0b1650a,0635e81195146d6e7824cc96f8ace61a82720567ca81d1d90e06fc4874f7652a
edata_writer,optimize,3,main,ok,69.0,0.130233,944364522,379153374,c4f37ecd8923bc057cde654cfcc1349044387bf46446b10ba9b78566c0b1650a,0635e81195146d6e7824cc96f8ace61a82720567ca81d1d90e06fc4874f7652a
edata_writer,optimize,3,current,ok,70.0,0.131606,960553124,386267608,c4f37ecd8923bc057cde654cfcc1349044387bf46446b10ba9b78566c0b1650a,0635e81195146d6e7824cc96f8ace61a82720567ca81d1d90e06fc4874f7652a
edata_writer,optimize,4,current,ok,69.0,0.129881,959338729,377087313,c4f37ecd8923bc057cde654cfcc1349044387bf46446b10ba9b78566c0b1650a,0635e81195146d6e7824cc96f8ace61a82720567ca81d1d90e06fc4874f7652a
edata_writer,optimize,4,main,ok,69.0,0.128975,944752117,372838827,c4f37ecd8923bc057cde654cfcc1349044387bf46446b10ba9b78566c0b1650a,0635e81195146d6e7824cc96f8ace61a82720567ca81d1d90e06fc4874f7652a
edata_writer,optimize,5,main,ok,71.0,0.131363,944365058,385311733,c4f37ecd8923bc057cde654cfcc1349044387bf46446b10ba9b78566c0b1650a,0635e81195146d6e7824cc96f8ace61a82720567ca81d1d90e06fc4874f7652a
edata_writer,optimize,5,current,ok,69.0,0.13159,959313408,378952421,c4f37ecd8923bc057cde654cfcc1349044387bf46446b10ba9b78566c0b1650a,0635e81195146d6e7824cc96f8ace61a82720567ca81d1d90e06fc4874f7652a
empty_for,plain,1,main,ok,1.5,0.046086,362235127,109198563,e3b0c44298fc1c149afbf4c8996fb92427ae41e4649b934ca495991b7852b855,44136fa355b3678a1146ad16f7e8649e94fb4fc21fe77e8310c060f61caaff8a
empty_for,plain,1,current,ok,1.1,0.04025,359350769,87630632,e3b0c44298fc1c149afbf4c8996fb92427ae41e4649b934ca495991b7852b855,44136fa355b3678a1146ad16f7e8649e94fb4fc21fe77e8310c060f61caaff8a
empty_for,plain,2,current,ok,1.0,0.040507,359370091,88321678,e3b0c44298fc1c149afbf4c8996fb92427ae41e4649b934ca495991b7852b855,44136fa355b3678a1146ad16f7e8649e94fb4fc21fe77e8310c060f61caaff8a
empty_for,plain,2,main,ok,1.7,0.047574,362246723,112310550,e3b0c44298fc1c149afbf4c8996fb92427ae41e4649b934ca495991b7852b855,44136fa355b3678a1146ad16f7e8649e94fb4fc21fe77e8310c060f61caaff8a
empty_for,plain,3,main,ok,1.6,0.04467,362250712,110213491,e3b0c44298fc1c149afbf4c8996fb92427ae41e4649b934ca495991b7852b855,44136fa355b3678a1146ad16f7e8649e94fb4fc21fe77e8310c060f61caaff8a
empty_for,plain,3,current,ok,1.1,0.040337,359364308,87979899,e3b0c44298fc1c149afbf4c8996fb92427ae41e4649b934ca495991b7852b855,44136fa355b3678a1146ad16f7e8649e94fb4fc21fe77e8310c060f61caaff8a
empty_for,plain,4,current,ok,1.0,0.041705,359350983,89556809,e3b0c44298fc1c149afbf4c8996fb92427ae41e4649b934ca495991b7852b855,44136fa355b3678a1146ad16f7e8649e94fb4fc21fe77e8310c060f61caaff8a
empty_for,plain,4,main,ok,1.6,0.045029,362237599,109800578,e3b0c44298fc1c149afbf4c8996fb92427ae41e4649b934ca495991b7852b855,44136fa355b3678a1146ad16f7e8649e94fb4fc21fe77e8310c060f61caaff8a
empty_for,plain,5,main,ok,1.6,0.044356,362235832,109653466,e3b0c44298fc1c149afbf4c8996fb92427ae41e4649b934ca495991b7852b855,44136fa355b3678a1146ad16f7e8649e94fb4fc21fe77e8310c060f61caaff8a
empty_for,plain,5,current,ok,1.0,0.040069,359374949,88213399,e3b0c44298fc1c149afbf4c8996fb92427ae41e4649b934ca495991b7852b855,44136fa355b3678a1146ad16f7e8649e94fb4fc21fe77e8310c060f61caaff8a
empty_for,optimize,1,main,ok,1.6,0.044447,362378652,108634925,e3b0c44298fc1c149afbf4c8996fb92427ae41e4649b934ca495991b7852b855,44136fa355b3678a1146ad16f7e8649e94fb4fc21fe77e8310c060f61caaff8a
empty_for,optimize,1,current,ok,1.1,0.041931,359508387,88962315,e3b0c44298fc1c149afbf4c8996fb92427ae41e4649b934ca495991b7852b855,44136fa355b3678a1146ad16f7e8649e94fb4fc21fe77e8310c060f61caaff8a
empty_for,optimize,2,current,ok,1.1,0.039681,359517347,88070238,e3b0c44298fc1c149afbf4c8996fb92427ae41e4649b934ca495991b7852b855,44136fa355b3678a1146ad16f7e8649e94fb4fc21fe77e8310c060f61caaff8a
empty_for,optimize,2,main,ok,1.6,0.044695,362381871,111286345,e3b0c44298fc1c149afbf4c8996fb92427ae41e4649b934ca495991b7852b855,44136fa355b3678a1146ad16f7e8649e94fb4fc21fe77e8310c060f61caaff8a
empty_for,optimize,3,main,ok,1.6,0.044639,362374683,111629608,e3b0c44298fc1c149afbf4c8996fb92427ae41e4649b934ca495991b7852b855,44136fa355b3678a1146ad16f7e8649e94fb4fc21fe77e8310c060f61caaff8a
empty_for,optimize,3,current,ok,1.0,0.039585,359504666,87733359,e3b0c44298fc1c149afbf4c8996fb92427ae41e4649b934ca495991b7852b855,44136fa355b3678a1146ad16f7e8649e94fb4fc21fe77e8310c060f61caaff8a
empty_for,optimize,4,current,ok,1.1,0.039832,359496665,88881964,e3b0c44298fc1c149afbf4c8996fb92427ae41e4649b934ca495991b7852b855,44136fa355b3678a1146ad16f7e8649e94fb4fc21fe77e8310c060f61caaff8a
empty_for,optimize,4,main,ok,1.5,0.045325,362390565,109208465,e3b0c44298fc1c149afbf4c8996fb92427ae41e4649b934ca495991b7852b855,44136fa355b3678a1146ad16f7e8649e94fb4fc21fe77e8310c060f61caaff8a
empty_for,optimize,5,main,ok,1.6,0.045654,362399593,109791906,e3b0c44298fc1c149afbf4c8996fb92427ae41e4649b934ca495991b7852b855,44136fa355b3678a1146ad16f7e8649e94fb4fc21fe77e8310c060f61caaff8a
empty_for,optimize,5,current,ok,1.1,0.040534,359501581,88267165,e3b0c44298fc1c149afbf4c8996fb92427ae41e4649b934ca495991b7852b855,44136fa355b3678a1146ad16f7e8649e94fb4fc21fe77e8310c060f61caaff8a
goto_bench,plain,1,main,ok,481.0,0.513782,7356100127,2209357848,48f287c7ba3930f75171f970a1e8e7006ca4226ef34f3cd658945771f97f0056,44136fa355b3678a1146ad16f7e8649e94fb4fc21fe77e8310c060f61caaff8a
goto_bench,plain,1,current,ok,475.0,0.506528,7672231758,2174681527,48f287c7ba3930f75171f970a1e8e7006ca4226ef34f3cd658945771f97f0056,44136fa355b3678a1146ad16f7e8649e94fb4fc21fe77e8310c060f61caaff8a
goto_bench,plain,2,current,ok,464.0,0.495896,7672240842,2132667228,48f287c7ba3930f75171f970a1e8e7006ca4226ef34f3cd658945771f97f0056,44136fa355b3678a1146ad16f7e8649e94fb4fc21fe77e8310c060f61caaff8a
goto_bench,plain,2,main,ok,473.0,0.505066,7356117340,2179597017,48f287c7ba3930f75171f970a1e8e7006ca4226ef34f3cd658945771f97f0056,44136fa355b3678a1146ad16f7e8649e94fb4fc21fe77e8310c060f61caaff8a
goto_bench,plain,3,main,ok,478.0,0.53021,7356085626,2185840840,48f287c7ba3930f75171f970a1e8e7006ca4226ef34f3cd658945771f97f0056,44136fa355b3678a1146ad16f7e8649e94fb4fc21fe77e8310c060f61caaff8a
goto_bench,plain,3,current,ok,473.0,0.50513,7672230287,2175932800,48f287c7ba3930f75171f970a1e8e7006ca4226ef34f3cd658945771f97f0056,44136fa355b3678a1146ad16f7e8649e94fb4fc21fe77e8310c060f61caaff8a
goto_bench,plain,4,current,ok,469.0,0.499565,7672246885,2153034254,48f287c7ba3930f75171f970a1e8e7006ca4226ef34f3cd658945771f97f0056,44136fa355b3678a1146ad16f7e8649e94fb4fc21fe77e8310c060f61caaff8a
goto_bench,plain,4,main,ok,474.0,0.528283,7356086800,2182854363,48f287c7ba3930f75171f970a1e8e7006ca4226ef34f3cd658945771f97f0056,44136fa355b3678a1146ad16f7e8649e94fb4fc21fe77e8310c060f61caaff8a
goto_bench,plain,5,main,ok,478.0,0.510992,7356107720,2192445042,48f287c7ba3930f75171f970a1e8e7006ca4226ef34f3cd658945771f97f0056,44136fa355b3678a1146ad16f7e8649e94fb4fc21fe77e8310c060f61caaff8a
goto_bench,plain,5,current,ok,469.0,0.501563,7672232355,2157336875,48f287c7ba3930f75171f970a1e8e7006ca4226ef34f3cd658945771f97f0056,44136fa355b3678a1146ad16f7e8649e94fb4fc21fe77e8310c060f61caaff8a
goto_bench,optimize,1,main,ok,481.0,0.51281,7356823673,2214100103,48f287c7ba3930f75171f970a1e8e7006ca4226ef34f3cd658945771f97f0056,44136fa355b3678a1146ad16f7e8649e94fb4fc21fe77e8310c060f61caaff8a
goto_bench,optimize,1,current,ok,477.0,0.511486,7672952399,2197888752,48f287c7ba3930f75171f970a1e8e7006ca4226ef34f3cd658945771f97f0056,44136fa355b3678a1146ad16f7e8649e94fb4fc21fe77e8310c060f61caaff8a
goto_bench,optimize,2,current,ok,468.0,0.50013,7672979084,2159501380,48f287c7ba3930f75171f970a1e8e7006ca4226ef34f3cd658945771f97f0056,44136fa355b3678a1146ad16f7e8649e94fb4fc21fe77e8310c060f61caaff8a
goto_bench,optimize,2,main,ok,471.0,0.502831,7356842643,2165547003,48f287c7ba3930f75171f970a1e8e7006ca4226ef34f3cd658945771f97f0056,44136fa355b3678a1146ad16f7e8649e94fb4fc21fe77e8310c060f61caaff8a
goto_bench,optimize,3,main,ok,493.0,0.548389,7356840045,2235585978,48f287c7ba3930f75171f970a1e8e7006ca4226ef34f3cd658945771f97f0056,44136fa355b3678a1146ad16f7e8649e94fb4fc21fe77e8310c060f61caaff8a
goto_bench,optimize,3,current,ok,473.0,0.506506,7672979722,2158214138,48f287c7ba3930f75171f970a1e8e7006ca4226ef34f3cd658945771f97f0056,44136fa355b3678a1146ad16f7e8649e94fb4fc21fe77e8310c060f61caaff8a
goto_bench,optimize,4,current,ok,476.0,0.509372,7672976634,2181287420,48f287c7ba3930f75171f970a1e8e7006ca4226ef34f3cd658945771f97f0056,44136fa355b3678a1146ad16f7e8649e94fb4fc21fe77e8310c060f61caaff8a
goto_bench,optimize,4,main,ok,471.0,0.505042,7356841845,2166801248,48f287c7ba3930f75171f970a1e8e7006ca4226ef34f3cd658945771f97f0056,44136fa355b3678a1146ad16f7e8649e94fb4fc21fe77e8310c060f61caaff8a
goto_bench,optimize,5,main,ok,475.0,0.505941,7356833786,2177268142,48f287c7ba3930f75171f970a1e8e7006ca4226ef34f3cd658945771f97f0056,44136fa355b3678a1146ad16f7e8649e94fb4fc21fe77e8310c060f61caaff8a
goto_bench,optimize,5,current,ok,466.0,0.49971,7672975446,2143947832,48f287c7ba3930f75171f970a1e8e7006ca4226ef34f3cd658945771f97f0056,44136fa355b3678a1146ad16f7e8649e94fb4fc21fe77e8310c060f61caaff8a
invoice_doc_generator,plain,1,main,ok,16397.0,16.670898,196668507306,72247756269,6aae7f4f789184f18db09a38511f0c23469db5106997ae450939b2dd10e720ed,de80333889ef3c727b949b52601f1afdadc79118ddd974dd478e4d9e4044e2b0
invoice_doc_generator,plain,1,current,ok,16258.0,16.469791,196648149998,71327883901,6aae7f4f789184f18db09a38511f0c23469db5106997ae450939b2dd10e720ed,de80333889ef3c727b949b52601f1afdadc79118ddd974dd478e4d9e4044e2b0
invoice_doc_generator,plain,2,current,ok,16778.0,17.059444,196829330757,73279907599,6aae7f4f789184f18db09a38511f0c23469db5106997ae450939b2dd10e720ed,de80333889ef3c727b949b52601f1afdadc79118ddd974dd478e4d9e4044e2b0
invoice_doc_generator,plain,2,main,ok,16676.0,16.951423,196625691572,73010225039,6aae7f4f789184f18db09a38511f0c23469db5106997ae450939b2dd10e720ed,de80333889ef3c727b949b52601f1afdadc79118ddd974dd478e4d9e4044e2b0
invoice_doc_generator,plain,3,main,ok,16456.0,16.653832,196436434866,72002315755,6aae7f4f789184f18db09a38511f0c23469db5106997ae450939b2dd10e720ed,de80333889ef3c727b949b52601f1afdadc79118ddd974dd478e4d9e4044e2b0
invoice_doc_generator,plain,3,current,ok,16224.0,16.500826,196683051677,71540935655,6aae7f4f789184f18db09a38511f0c23469db5106997ae450939b2dd10e720ed,de80333889ef3c727b949b52601f1afdadc79118ddd974dd478e4d9e4044e2b0
invoice_doc_generator,plain,4,current,ok,16305.0,16.573799,196849801919,71857533849,6aae7f4f789184f18db09a38511f0c23469db5106997ae450939b2dd10e720ed,de80333889ef3c727b949b52601f1afdadc79118ddd974dd478e4d9e4044e2b0
invoice_doc_generator,plain,4,main,ok,16336.0,16.534756,196436638771,71828754896,6aae7f4f789184f18db09a38511f0c23469db5106997ae450939b2dd10e720ed,de80333889ef3c727b949b52601f1afdadc79118ddd974dd478e4d9e4044e2b0
invoice_doc_generator,plain,5,main,ok,16300.0,16.576166,196639331713,71919940468,6aae7f4f789184f18db09a38511f0c23469db5106997ae450939b2dd10e720ed,de80333889ef3c727b949b52601f1afdadc79118ddd974dd478e4d9e4044e2b0
invoice_doc_generator,plain,5,current,ok,16411.0,16.685603,196665652643,72301358644,6aae7f4f789184f18db09a38511f0c23469db5106997ae450939b2dd10e720ed,de80333889ef3c727b949b52601f1afdadc79118ddd974dd478e4d9e4044e2b0
invoice_doc_generator,optimize,1,main,ok,16406.0,16.67841,196487997976,72330334343,6aae7f4f789184f18db09a38511f0c23469db5106997ae450939b2dd10e720ed,de80333889ef3c727b949b52601f1afdadc79118ddd974dd478e4d9e4044e2b0
invoice_doc_generator,optimize,1,current,ok,16287.0,16.559145,196537357231,71794517539,6aae7f4f789184f18db09a38511f0c23469db5106997ae450939b2dd10e720ed,de80333889ef3c727b949b52601f1afdadc79118ddd974dd478e4d9e4044e2b0
invoice_doc_generator,optimize,2,current,ok,16338.0,16.639701,196515044374,72008292554,6aae7f4f789184f18db09a38511f0c23469db5106997ae450939b2dd10e720ed,de80333889ef3c727b949b52601f1afdadc79118ddd974dd478e4d9e4044e2b0
invoice_doc_generator,optimize,2,main,ok,16465.0,16.759563,196467160707,72635978080,6aae7f4f789184f18db09a38511f0c23469db5106997ae450939b2dd10e720ed,de80333889ef3c727b949b52601f1afdadc79118ddd974dd478e4d9e4044e2b0
invoice_doc_generator,optimize,3,main,ok,16520.0,16.810618,196506437758,72525432701,6aae7f4f789184f18db09a38511f0c23469db5106997ae450939b2dd10e720ed,de80333889ef3c727b949b52601f1afdadc79118ddd974dd478e4d9e4044e2b0
invoice_doc_generator,optimize,3,current,ok,16206.0,16.485309,196539455988,71397396102,6aae7f4f789184f18db09a38511f0c23469db5106997ae450939b2dd10e720ed,de80333889ef3c727b949b52601f1afdadc79118ddd974dd478e4d9e4044e2b0
invoice_doc_generator,optimize,4,current,ok,16317.0,16.59469,196703000736,71977075038,6aae7f4f789184f18db09a38511f0c23469db5106997ae450939b2dd10e720ed,de80333889ef3c727b949b52601f1afdadc79118ddd974dd478e4d9e4044e2b0
invoice_doc_generator,optimize,4,main,ok,16491.0,16.785055,196466392819,72479041294,6aae7f4f789184f18db09a38511f0c23469db5106997ae450939b2dd10e720ed,de80333889ef3c727b949b52601f1afdadc79118ddd974dd478e4d9e4044e2b0
invoice_doc_generator,optimize,5,main,ok,16334.0,16.613865,196488049757,72104705807,6aae7f4f789184f18db09a38511f0c23469db5106997ae450939b2dd10e720ed,de80333889ef3c727b949b52601f1afdadc79118ddd974dd478e4d9e4044e2b0
invoice_doc_generator,optimize,5,current,ok,16176.0,16.457726,196700216843,71462744904,6aae7f4f789184f18db09a38511f0c23469db5106997ae450939b2dd10e720ed,de80333889ef3c727b949b52601f1afdadc79118ddd974dd478e4d9e4044e2b0
json_parse,plain,1,main,ok,237.0,0.413537,3835706130,1525371107,626f2d55c8061cff71d86592877d8b12bea873e3ad88622ddbcd49a700a87521,44136fa355b3678a1146ad16f7e8649e94fb4fc21fe77e8310c060f61caaff8a
json_parse,plain,1,current,ok,237.0,0.412555,3886959536,1505190064,626f2d55c8061cff71d86592877d8b12bea873e3ad88622ddbcd49a700a87521,44136fa355b3678a1146ad16f7e8649e94fb4fc21fe77e8310c060f61caaff8a
json_parse,plain,2,current,ok,239.0,0.412661,3887757258,1537447526,626f2d55c8061cff71d86592877d8b12bea873e3ad88622ddbcd49a700a87521,44136fa355b3678a1146ad16f7e8649e94fb4fc21fe77e8310c060f61caaff8a
json_parse,plain,2,main,ok,236.0,0.402507,3836425811,1490445296,626f2d55c8061cff71d86592877d8b12bea873e3ad88622ddbcd49a700a87521,44136fa355b3678a1146ad16f7e8649e94fb4fc21fe77e8310c060f61caaff8a
json_parse,plain,3,main,ok,232.0,0.402067,3836370027,1482057275,626f2d55c8061cff71d86592877d8b12bea873e3ad88622ddbcd49a700a87521,44136fa355b3678a1146ad16f7e8649e94fb4fc21fe77e8310c060f61caaff8a
json_parse,plain,3,current,ok,250.0,0.431199,3887314631,1608539430,626f2d55c8061cff71d86592877d8b12bea873e3ad88622ddbcd49a700a87521,44136fa355b3678a1146ad16f7e8649e94fb4fc21fe77e8310c060f61caaff8a
json_parse,plain,4,current,ok,234.0,0.40851,3887587748,1518912952,626f2d55c8061cff71d86592877d8b12bea873e3ad88622ddbcd49a700a87521,44136fa355b3678a1146ad16f7e8649e94fb4fc21fe77e8310c060f61caaff8a
json_parse,plain,4,main,ok,240.0,0.408629,3835942298,1524331804,626f2d55c8061cff71d86592877d8b12bea873e3ad88622ddbcd49a700a87521,44136fa355b3678a1146ad16f7e8649e94fb4fc21fe77e8310c060f61caaff8a
json_parse,plain,5,main,ok,243.0,0.412488,3836113603,1524403350,626f2d55c8061cff71d86592877d8b12bea873e3ad88622ddbcd49a700a87521,44136fa355b3678a1146ad16f7e8649e94fb4fc21fe77e8310c060f61caaff8a
json_parse,plain,5,current,ok,236.0,0.420534,3887194625,1558490736,626f2d55c8061cff71d86592877d8b12bea873e3ad88622ddbcd49a700a87521,44136fa355b3678a1146ad16f7e8649e94fb4fc21fe77e8310c060f61caaff8a
json_parse,optimize,1,main,ok,239.0,0.401437,3732913030,1480004400,626f2d55c8061cff71d86592877d8b12bea873e3ad88622ddbcd49a700a87521,44136fa355b3678a1146ad16f7e8649e94fb4fc21fe77e8310c060f61caaff8a
json_parse,optimize,1,current,ok,242.0,0.416297,3872350427,1552801629,626f2d55c8061cff71d86592877d8b12bea873e3ad88622ddbcd49a700a87521,44136fa355b3678a1146ad16f7e8649e94fb4fc21fe77e8310c060f61caaff8a
json_parse,optimize,2,current,ok,243.0,0.411561,3870378039,1536128622,626f2d55c8061cff71d86592877d8b12bea873e3ad88622ddbcd49a700a87521,44136fa355b3678a1146ad16f7e8649e94fb4fc21fe77e8310c060f61caaff8a
json_parse,optimize,2,main,ok,234.0,0.393254,3733337625,1450784150,626f2d55c8061cff71d86592877d8b12bea873e3ad88622ddbcd49a700a87521,44136fa355b3678a1146ad16f7e8649e94fb4fc21fe77e8310c060f61caaff8a
json_parse,optimize,3,main,ok,238.0,0.397616,3734374803,1477253066,626f2d55c8061cff71d86592877d8b12bea873e3ad88622ddbcd49a700a87521,44136fa355b3678a1146ad16f7e8649e94fb4fc21fe77e8310c060f61caaff8a
json_parse,optimize,3,current,ok,239.0,0.410357,3872096965,1525329803,626f2d55c8061cff71d86592877d8b12bea873e3ad88622ddbcd49a700a87521,44136fa355b3678a1146ad16f7e8649e94fb4fc21fe77e8310c060f61caaff8a
json_parse,optimize,4,current,ok,237.0,0.411097,3872103988,1528874971,626f2d55c8061cff71d86592877d8b12bea873e3ad88622ddbcd49a700a87521,44136fa355b3678a1146ad16f7e8649e94fb4fc21fe77e8310c060f61caaff8a
json_parse,optimize,4,main,ok,237.0,0.402781,3733470309,1490822836,626f2d55c8061cff71d86592877d8b12bea873e3ad88622ddbcd49a700a87521,44136fa355b3678a1146ad16f7e8649e94fb4fc21fe77e8310c060f61caaff8a
json_parse,optimize,5,main,ok,241.0,0.401883,3731021315,1472648117,626f2d55c8061cff71d86592877d8b12bea873e3ad88622ddbcd49a700a87521,44136fa355b3678a1146ad16f7e8649e94fb4fc21fe77e8310c060f61caaff8a
json_parse,optimize,5,current,ok,241.0,0.415102,3872154182,1549351099,626f2d55c8061cff71d86592877d8b12bea873e3ad88622ddbcd49a700a87521,44136fa355b3678a1146ad16f7e8649e94fb4fc21fe77e8310c060f61caaff8a
json_write,plain,1,main,ok,246.0,0.279416,3280790847,1018617814,adc5ff4f0aa14ec79474c362d1acf265403da369955494381a2103726ab0befe,44136fa355b3678a1146ad16f7e8649e94fb4fc21fe77e8310c060f61caaff8a
json_write,plain,1,current,ok,257.0,0.28994,3412736003,1070582800,adc5ff4f0aa14ec79474c362d1acf265403da369955494381a2103726ab0befe,44136fa355b3678a1146ad16f7e8649e94fb4fc21fe77e8310c060f61caaff8a
json_write,plain,2,current,ok,255.0,0.290095,3412717785,1073094470,adc5ff4f0aa14ec79474c362d1acf265403da369955494381a2103726ab0befe,44136fa355b3678a1146ad16f7e8649e94fb4fc21fe77e8310c060f61caaff8a
json_write,plain,2,main,ok,243.0,0.277319,3280779832,1012583256,adc5ff4f0aa14ec79474c362d1acf265403da369955494381a2103726ab0befe,44136fa355b3678a1146ad16f7e8649e94fb4fc21fe77e8310c060f61caaff8a
json_write,plain,3,main,ok,250.0,0.282662,3280799411,1036150546,adc5ff4f0aa14ec79474c362d1acf265403da369955494381a2103726ab0befe,44136fa355b3678a1146ad16f7e8649e94fb4fc21fe77e8310c060f61caaff8a
json_write,plain,3,current,ok,261.0,0.294241,3412798991,1085201479,adc5ff4f0aa14ec79474c362d1acf265403da369955494381a2103726ab0befe,44136fa355b3678a1146ad16f7e8649e94fb4fc21fe77e8310c060f61caaff8a
json_write,plain,4,current,ok,259.0,0.29198,3412752114,1083171124,adc5ff4f0aa14ec79474c362d1acf265403da369955494381a2103726ab0befe,44136fa355b3678a1146ad16f7e8649e94fb4fc21fe77e8310c060f61caaff8a
json_write,plain,4,main,ok,244.0,0.275779,3280873846,1013386198,adc5ff4f0aa14ec79474c362d1acf265403da369955494381a2103726ab0befe,44136fa355b3678a1146ad16f7e8649e94fb4fc21fe77e8310c060f61caaff8a
json_write,plain,5,main,ok,251.0,0.284262,3280916366,1032540111,adc5ff4f0aa14ec79474c362d1acf265403da369955494381a2103726ab0befe,44136fa355b3678a1146ad16f7e8649e94fb4fc21fe77e8310c060f61caaff8a
json_write,plain,5,current,ok,266.0,0.300179,3412734434,1100136998,adc5ff4f0aa14ec79474c362d1acf265403da369955494381a2103726ab0befe,44136fa355b3678a1146ad16f7e8649e94fb4fc21fe77e8310c060f61caaff8a
json_write,optimize,1,main,ok,222.0,0.255593,3019304150,914764181,adc5ff4f0aa14ec79474c362d1acf265403da369955494381a2103726ab0befe,44136fa355b3678a1146ad16f7e8649e94fb4fc21fe77e8310c060f61caaff8a
json_write,optimize,1,current,ok,257.0,0.290704,3414597243,1073349014,adc5ff4f0aa14ec79474c362d1acf265403da369955494381a2103726ab0befe,44136fa355b3678a1146ad16f7e8649e94fb4fc21fe77e8310c060f61caaff8a
json_write,optimize,2,current,ok,259.0,0.292297,3414586811,1067529589,adc5ff4f0aa14ec79474c362d1acf265403da369955494381a2103726ab0befe,44136fa355b3678a1146ad16f7e8649e94fb4fc21fe77e8310c060f61caaff8a
json_write,optimize,2,main,ok,222.0,0.256931,3019158089,917204572,adc5ff4f0aa14ec79474c362d1acf265403da369955494381a2103726ab0befe,44136fa355b3678a1146ad16f7e8649e94fb4fc21fe77e8310c060f61caaff8a
json_write,optimize,3,main,ok,222.0,0.256563,3019151732,904316250,adc5ff4f0aa14ec79474c362d1acf265403da369955494381a2103726ab0befe,44136fa355b3678a1146ad16f7e8649e94fb4fc21fe77e8310c060f61caaff8a
json_write,optimize,3,current,ok,257.0,0.290923,3414556473,1060796065,adc5ff4f0aa14ec79474c362d1acf265403da369955494381a2103726ab0befe,44136fa355b3678a1146ad16f7e8649e94fb4fc21fe77e8310c060f61caaff8a
json_write,optimize,4,current,ok,265.0,0.298307,3414647703,1092428431,adc5ff4f0aa14ec79474c362d1acf265403da369955494381a2103726ab0befe,44136fa355b3678a1146ad16f7e8649e94fb4fc21fe77e8310c060f61caaff8a
json_write,optimize,4,main,ok,222.0,0.257422,3019167150,915535217,adc5ff4f0aa14ec79474c362d1acf265403da369955494381a2103726ab0befe,44136fa355b3678a1146ad16f7e8649e94fb4fc21fe77e8310c060f61caaff8a
json_write,optimize,5,main,ok,224.0,0.256654,3019220634,922158872,adc5ff4f0aa14ec79474c362d1acf265403da369955494381a2103726ab0befe,44136fa355b3678a1146ad16f7e8649e94fb4fc21fe77e8310c060f61caaff8a
json_write,optimize,5,current,ok,259.0,0.292126,3414602497,1068516251,adc5ff4f0aa14ec79474c362d1acf265403da369955494381a2103726ab0befe,44136fa355b3678a1146ad16f7e8649e94fb4fc21fe77e8310c060f61caaff8a
pi_leibniz,plain,1,main,ok,191.0,0.221906,2765288576,902176861,649e18457927a89cef2cc6b96210f991fecc34966ddaaf0c1946e8de372559c5,44136fa355b3678a1146ad16f7e8649e94fb4fc21fe77e8310c060f61caaff8a
pi_leibniz,plain,1,current,ok,183.0,0.216173,2693404537,871657977,649e18457927a89cef2cc6b96210f991fecc34966ddaaf0c1946e8de372559c5,44136fa355b3678a1146ad16f7e8649e94fb4fc21fe77e8310c060f61caaff8a
pi_leibniz,plain,2,current,ok,180.0,0.21347,2693399409,860318493,649e18457927a89cef2cc6b96210f991fecc34966ddaaf0c1946e8de372559c5,44136fa355b3678a1146ad16f7e8649e94fb4fc21fe77e8310c060f61caaff8a
pi_leibniz,plain,2,main,ok,188.0,0.219211,2765270217,889696773,649e18457927a89cef2cc6b96210f991fecc34966ddaaf0c1946e8de372559c5,44136fa355b3678a1146ad16f7e8649e94fb4fc21fe77e8310c060f61caaff8a
pi_leibniz,plain,3,main,ok,187.0,0.217522,2765267043,887086961,649e18457927a89cef2cc6b96210f991fecc34966ddaaf0c1946e8de372559c5,44136fa355b3678a1146ad16f7e8649e94fb4fc21fe77e8310c060f61caaff8a
pi_leibniz,plain,3,current,ok,182.0,0.213508,2693401015,872124545,649e18457927a89cef2cc6b96210f991fecc34966ddaaf0c1946e8de372559c5,44136fa355b3678a1146ad16f7e8649e94fb4fc21fe77e8310c060f61caaff8a
pi_leibniz,plain,4,current,ok,185.0,0.218737,2693402897,870335560,649e18457927a89cef2cc6b96210f991fecc34966ddaaf0c1946e8de372559c5,44136fa355b3678a1146ad16f7e8649e94fb4fc21fe77e8310c060f61caaff8a
pi_leibniz,plain,4,main,ok,187.0,0.217239,2765273396,886839210,649e18457927a89cef2cc6b96210f991fecc34966ddaaf0c1946e8de372559c5,44136fa355b3678a1146ad16f7e8649e94fb4fc21fe77e8310c060f61caaff8a
pi_leibniz,plain,5,main,ok,189.0,0.220808,2765290718,901543018,649e18457927a89cef2cc6b96210f991fecc34966ddaaf0c1946e8de372559c5,44136fa355b3678a1146ad16f7e8649e94fb4fc21fe77e8310c060f61caaff8a
pi_leibniz,plain,5,current,ok,182.0,0.212609,2693394615,865846724,649e18457927a89cef2cc6b96210f991fecc34966ddaaf0c1946e8de372559c5,44136fa355b3678a1146ad16f7e8649e94fb4fc21fe77e8310c060f61caaff8a
pi_leibniz,optimize,1,main,ok,179.0,0.208705,2632449102,852937142,649e18457927a89cef2cc6b96210f991fecc34966ddaaf0c1946e8de372559c5,44136fa355b3678a1146ad16f7e8649e94fb4fc21fe77e8310c060f61caaff8a
pi_leibniz,optimize,1,current,ok,172.0,0.203294,2553563484,819151784,649e18457927a89cef2cc6b96210f991fecc34966ddaaf0c1946e8de372559c5,44136fa355b3678a1146ad16f7e8649e94fb4fc21fe77e8310c060f61caaff8a
pi_leibniz,optimize,2,current,ok,173.0,0.204818,2553576484,826003335,649e18457927a89cef2cc6b96210f991fecc34966ddaaf0c1946e8de372559c5,44136fa355b3678a1146ad16f7e8649e94fb4fc21fe77e8310c060f61caaff8a
pi_leibniz,optimize,2,main,ok,180.0,0.211397,2632449077,863489462,649e18457927a89cef2cc6b96210f991fecc34966ddaaf0c1946e8de372559c5,44136fa355b3678a1146ad16f7e8649e94fb4fc21fe77e8310c060f61caaff8a
pi_leibniz,optimize,3,main,ok,186.0,0.21839,2632455027,876960385,649e18457927a89cef2cc6b96210f991fecc34966ddaaf0c1946e8de372559c5,44136fa355b3678a1146ad16f7e8649e94fb4fc21fe77e8310c060f61caaff8a
pi_leibniz,optimize,3,current,ok,173.0,0.205194,2553568888,829210656,649e18457927a89cef2cc6b96210f991fecc34966ddaaf0c1946e8de372559c5,44136fa355b3678a1146ad16f7e8649e94fb4fc21fe77e8310c060f61caaff8a
pi_leibniz,optimize,4,current,ok,173.0,0.204022,2553584264,829818655,649e18457927a89cef2cc6b96210f991fecc34966ddaaf0c1946e8de372559c5,44136fa355b3678a1146ad16f7e8649e94fb4fc21fe77e8310c060f61caaff8a
pi_leibniz,optimize,4,main,ok,181.0,0.214119,2632449751,871847021,649e18457927a89cef2cc6b96210f991fecc34966ddaaf0c1946e8de372559c5,44136fa355b3678a1146ad16f7e8649e94fb4fc21fe77e8310c060f61caaff8a
pi_leibniz,optimize,5,main,ok,179.0,0.210822,2632448364,849119378,649e18457927a89cef2cc6b96210f991fecc34966ddaaf0c1946e8de372559c5,44136fa355b3678a1146ad16f7e8649e94fb4fc21fe77e8310c060f61caaff8a
pi_leibniz,optimize,5,current,ok,173.0,0.205218,2553579609,830925777,649e18457927a89cef2cc6b96210f991fecc34966ddaaf0c1946e8de372559c5,44136fa355b3678a1146ad16f7e8649e94fb4fc21fe77e8310c060f61caaff8a
pi_leibniz_15,plain,1,main,ok,274.0,0.304493,3809231425,1265470452,d3fd2c9ebccc25c6f65a1f70ec8461d2457dba709bc3c1c216fdb76f562f2322,44136fa355b3678a1146ad16f7e8649e94fb4fc21fe77e8310c060f61caaff8a
pi_leibniz_15,plain,1,current,ok,266.0,0.296527,3748362009,1246955475,d3fd2c9ebccc25c6f65a1f70ec8461d2457dba709bc3c1c216fdb76f562f2322,44136fa355b3678a1146ad16f7e8649e94fb4fc21fe77e8310c060f61caaff8a
pi_leibniz_15,plain,2,current,ok,272.0,0.304205,3748362035,1265147238,d3fd2c9ebccc25c6f65a1f70ec8461d2457dba709bc3c1c216fdb76f562f2322,44136fa355b3678a1146ad16f7e8649e94fb4fc21fe77e8310c060f61caaff8a
pi_leibniz_15,plain,2,main,ok,274.0,0.304948,3809235915,1273091101,d3fd2c9ebccc25c6f65a1f70ec8461d2457dba709bc3c1c216fdb76f562f2322,44136fa355b3678a1146ad16f7e8649e94fb4fc21fe77e8310c060f61caaff8a
pi_leibniz_15,plain,3,main,ok,269.0,0.299145,3809244122,1264304409,d3fd2c9ebccc25c6f65a1f70ec8461d2457dba709bc3c1c216fdb76f562f2322,44136fa355b3678a1146ad16f7e8649e94fb4fc21fe77e8310c060f61caaff8a
pi_leibniz_15,plain,3,current,ok,264.0,0.295461,3748349766,1233283262,d3fd2c9ebccc25c6f65a1f70ec8461d2457dba709bc3c1c216fdb76f562f2322,44136fa355b3678a1146ad16f7e8649e94fb4fc21fe77e8310c060f61caaff8a
pi_leibniz_15,plain,4,current,ok,269.0,0.298902,3748359245,1264801514,d3fd2c9ebccc25c6f65a1f70ec8461d2457dba709bc3c1c216fdb76f562f2322,44136fa355b3678a1146ad16f7e8649e94fb4fc21fe77e8310c060f61caaff8a
pi_leibniz_15,plain,4,main,ok,271.0,0.301721,3809266741,1263607875,d3fd2c9ebccc25c6f65a1f70ec8461d2457dba709bc3c1c216fdb76f562f2322,44136fa355b3678a1146ad16f7e8649e94fb4fc21fe77e8310c060f61caaff8a
pi_leibniz_15,plain,5,main,ok,268.0,0.299229,3809231493,1247387884,d3fd2c9ebccc25c6f65a1f70ec8461d2457dba709bc3c1c216fdb76f562f2322,44136fa355b3678a1146ad16f7e8649e94fb4fc21fe77e8310c060f61caaff8a
pi_leibniz_15,plain,5,current,ok,273.0,0.3034,3748366504,1260749386,d3fd2c9ebccc25c6f65a1f70ec8461d2457dba709bc3c1c216fdb76f562f2322,44136fa355b3678a1146ad16f7e8649e94fb4fc21fe77e8310c060f61caaff8a
pi_leibniz_15,optimize,1,main,ok,254.0,0.283098,3555479307,1185499918,d3fd2c9ebccc25c6f65a1f70ec8461d2457dba709bc3c1c216fdb76f562f2322,44136fa355b3678a1146ad16f7e8649e94fb4fc21fe77e8310c060f61caaff8a
pi_leibniz_15,optimize,1,current,ok,253.0,0.284171,3480597903,1192038350,d3fd2c9ebccc25c6f65a1f70ec8461d2457dba709bc3c1c216fdb76f562f2322,44136fa355b3678a1146ad16f7e8649e94fb4fc21fe77e8310c060f61caaff8a
pi_leibniz_15,optimize,2,current,ok,244.0,0.274318,3480565126,1148602342,d3fd2c9ebccc25c6f65a1f70ec8461d2457dba709bc3c1c216fdb76f562f2322,44136fa355b3678a1146ad16f7e8649e94fb4fc21fe77e8310c060f61caaff8a
pi_leibniz_15,optimize,2,main,ok,253.0,0.283722,3555446280,1189375601,d3fd2c9ebccc25c6f65a1f70ec8461d2457dba709bc3c1c216fdb76f562f2322,44136fa355b3678a1146ad16f7e8649e94fb4fc21fe77e8310c060f61caaff8a
pi_leibniz_15,optimize,3,main,ok,246.0,0.276568,3555455691,1155468902,d3fd2c9ebccc25c6f65a1f70ec8461d2457dba709bc3c1c216fdb76f562f2322,44136fa355b3678a1146ad16f7e8649e94fb4fc21fe77e8310c060f61caaff8a
pi_leibniz_15,optimize,3,current,ok,259.0,0.289654,3480582322,1220093905,d3fd2c9ebccc25c6f65a1f70ec8461d2457dba709bc3c1c216fdb76f562f2322,44136fa355b3678a1146ad16f7e8649e94fb4fc21fe77e8310c060f61caaff8a
pi_leibniz_15,optimize,4,current,ok,249.0,0.279791,3480573735,1174554088,d3fd2c9ebccc25c6f65a1f70ec8461d2457dba709bc3c1c216fdb76f562f2322,44136fa355b3678a1146ad16f7e8649e94fb4fc21fe77e8310c060f61caaff8a
pi_leibniz_15,optimize,4,main,ok,246.0,0.276817,3555467697,1153944801,d3fd2c9ebccc25c6f65a1f70ec8461d2457dba709bc3c1c216fdb76f562f2322,44136fa355b3678a1146ad16f7e8649e94fb4fc21fe77e8310c060f61caaff8a
pi_leibniz_15,optimize,5,main,ok,246.0,0.276961,3555458640,1156091214,d3fd2c9ebccc25c6f65a1f70ec8461d2457dba709bc3c1c216fdb76f562f2322,44136fa355b3678a1146ad16f7e8649e94fb4fc21fe77e8310c060f61caaff8a
pi_leibniz_15,optimize,5,current,ok,268.0,0.299365,3480566894,1260369242,d3fd2c9ebccc25c6f65a1f70ec8461d2457dba709bc3c1c216fdb76f562f2322,44136fa355b3678a1146ad16f7e8649e94fb4fc21fe77e8310c060f61caaff8a
regexp,plain,1,main,ok,72.0,0.137152,1117587056,316390259,d748f34d4da5c938c272701124696ad5ebefeae1952dd62077c0e98c1c4fa36e,44136fa355b3678a1146ad16f7e8649e94fb4fc21fe77e8310c060f61caaff8a
regexp,plain,1,current,ok,69.0,0.132098,1124681958,305601479,d748f34d4da5c938c272701124696ad5ebefeae1952dd62077c0e98c1c4fa36e,44136fa355b3678a1146ad16f7e8649e94fb4fc21fe77e8310c060f61caaff8a
regexp,plain,2,current,ok,70.0,0.13485,1124725998,311656610,d748f34d4da5c938c272701124696ad5ebefeae1952dd62077c0e98c1c4fa36e,44136fa355b3678a1146ad16f7e8649e94fb4fc21fe77e8310c060f61caaff8a
regexp,plain,2,main,ok,69.0,0.133306,1117603528,309840340,d748f34d4da5c938c272701124696ad5ebefeae1952dd62077c0e98c1c4fa36e,44136fa355b3678a1146ad16f7e8649e94fb4fc21fe77e8310c060f61caaff8a
regexp,plain,3,main,ok,68.0,0.133082,1117577004,310212640,d748f34d4da5c938c272701124696ad5ebefeae1952dd62077c0e98c1c4fa36e,44136fa355b3678a1146ad16f7e8649e94fb4fc21fe77e8310c060f61caaff8a
regexp,plain,3,current,ok,68.0,0.130392,1124705239,303947860,d748f34d4da5c938c272701124696ad5ebefeae1952dd62077c0e98c1c4fa36e,44136fa355b3678a1146ad16f7e8649e94fb4fc21fe77e8310c060f61caaff8a
regexp,plain,4,current,ok,72.0,0.136825,1124687926,320023355,d748f34d4da5c938c272701124696ad5ebefeae1952dd62077c0e98c1c4fa36e,44136fa355b3678a1146ad16f7e8649e94fb4fc21fe77e8310c060f61caaff8a
regexp,plain,4,main,ok,71.0,0.1347,1117565544,319799199,d748f34d4da5c938c272701124696ad5ebefeae1952dd62077c0e98c1c4fa36e,44136fa355b3678a1146ad16f7e8649e94fb4fc21fe77e8310c060f61caaff8a
regexp,plain,5,main,ok,69.0,0.130766,1117520413,305674808,d748f34d4da5c938c272701124696ad5ebefeae1952dd62077c0e98c1c4fa36e,44136fa355b3678a1146ad16f7e8649e94fb4fc21fe77e8310c060f61caaff8a
regexp,plain,5,current,ok,69.0,0.133124,1124743469,308705727,d748f34d4da5c938c272701124696ad5ebefeae1952dd62077c0e98c1c4fa36e,44136fa355b3678a1146ad16f7e8649e94fb4fc21fe77e8310c060f61caaff8a
regexp,optimize,1,main,ok,70.0,0.134174,1117764683,313406130,d748f34d4da5c938c272701124696ad5ebefeae1952dd62077c0e98c1c4fa36e,44136fa355b3678a1146ad16f7e8649e94fb4fc21fe77e8310c060f61caaff8a
regexp,optimize,1,current,ok,70.0,0.130868,1124874174,303688169,d748f34d4da5c938c272701124696ad5ebefeae1952dd62077c0e98c1c4fa36e,44136fa355b3678a1146ad16f7e8649e94fb4fc21fe77e8310c060f61caaff8a
regexp,optimize,2,current,ok,69.0,0.131957,1124895810,304811803,d748f34d4da5c938c272701124696ad5ebefeae1952dd62077c0e98c1c4fa36e,44136fa355b3678a1146ad16f7e8649e94fb4fc21fe77e8310c060f61caaff8a
regexp,optimize,2,main,ok,69.0,0.131543,1117753491,305530032,d748f34d4da5c938c272701124696ad5ebefeae1952dd62077c0e98c1c4fa36e,44136fa355b3678a1146ad16f7e8649e94fb4fc21fe77e8310c060f61caaff8a
regexp,optimize,3,main,ok,71.0,0.136931,1117749842,316718879,d748f34d4da5c938c272701124696ad5ebefeae1952dd62077c0e98c1c4fa36e,44136fa355b3678a1146ad16f7e8649e94fb4fc21fe77e8310c060f61caaff8a
regexp,optimize,3,current,ok,70.0,0.132229,1124907262,307669506,d748f34d4da5c938c272701124696ad5ebefeae1952dd62077c0e98c1c4fa36e,44136fa355b3678a1146ad16f7e8649e94fb4fc21fe77e8310c060f61caaff8a
regexp,optimize,4,current,ok,69.0,0.13117,1124901678,299317776,d748f34d4da5c938c272701124696ad5ebefeae1952dd62077c0e98c1c4fa36e,44136fa355b3678a1146ad16f7e8649e94fb4fc21fe77e8310c060f61caaff8a
regexp,optimize,4,main,ok,70.0,0.137129,1117733666,324675613,d748f34d4da5c938c272701124696ad5ebefeae1952dd62077c0e98c1c4fa36e,44136fa355b3678a1146ad16f7e8649e94fb4fc21fe77e8310c060f61caaff8a
regexp,optimize,5,main,ok,69.0,0.132889,1117758852,310706256,d748f34d4da5c938c272701124696ad5ebefeae1952dd62077c0e98c1c4fa36e,44136fa355b3678a1146ad16f7e8649e94fb4fc21fe77e8310c060f61caaff8a
regexp,optimize,5,current,ok,74.0,0.136921,1124923815,314709737,d748f34d4da5c938c272701124696ad5ebefeae1952dd62077c0e98c1c4fa36e,44136fa355b3678a1146ad16f7e8649e94fb4fc21fe77e8310c060f61caaff8a
simple_parquet_reader,plain,1,main,ok,391.0,0.433948,4842120641,1738893758,02cc0d5e1068e542e94c39e54a6b66fbe1741548541539f50e6280588989ee64,44136fa355b3678a1146ad16f7e8649e94fb4fc21fe77e8310c060f61caaff8a
simple_parquet_reader,plain,1,current,ok,429.0,0.474834,5092297665,1933222533,02cc0d5e1068e542e94c39e54a6b66fbe1741548541539f50e6280588989ee64,44136fa355b3678a1146ad16f7e8649e94fb4fc21fe77e8310c060f61caaff8a
simple_parquet_reader,plain,2,current,ok,427.0,0.471764,5092348088,1920918870,02cc0d5e1068e542e94c39e54a6b66fbe1741548541539f50e6280588989ee64,44136fa355b3678a1146ad16f7e8649e94fb4fc21fe77e8310c060f61caaff8a
simple_parquet_reader,plain,2,main,ok,386.0,0.429572,4838232322,1731109757,02cc0d5e1068e542e94c39e54a6b66fbe1741548541539f50e6280588989ee64,44136fa355b3678a1146ad16f7e8649e94fb4fc21fe77e8310c060f61caaff8a
simple_parquet_reader,plain,3,main,ok,386.0,0.429002,4842124973,1737582501,02cc0d5e1068e542e94c39e54a6b66fbe1741548541539f50e6280588989ee64,44136fa355b3678a1146ad16f7e8649e94fb4fc21fe77e8310c060f61caaff8a
simple_parquet_reader,plain,3,current,ok,434.0,0.477461,5092300680,1949865929,02cc0d5e1068e542e94c39e54a6b66fbe1741548541539f50e6280588989ee64,44136fa355b3678a1146ad16f7e8649e94fb4fc21fe77e8310c060f61caaff8a
simple_parquet_reader,plain,4,current,ok,423.0,0.468063,5092308813,1910283293,02cc0d5e1068e542e94c39e54a6b66fbe1741548541539f50e6280588989ee64,44136fa355b3678a1146ad16f7e8649e94fb4fc21fe77e8310c060f61caaff8a
simple_parquet_reader,plain,4,main,ok,389.0,0.431889,4842228480,1752599628,02cc0d5e1068e542e94c39e54a6b66fbe1741548541539f50e6280588989ee64,44136fa355b3678a1146ad16f7e8649e94fb4fc21fe77e8310c060f61caaff8a
simple_parquet_reader,plain,5,main,ok,390.0,0.433461,4839521410,1762268119,02cc0d5e1068e542e94c39e54a6b66fbe1741548541539f50e6280588989ee64,44136fa355b3678a1146ad16f7e8649e94fb4fc21fe77e8310c060f61caaff8a
simple_parquet_reader,plain,5,current,ok,423.0,0.468049,5092324433,1905486643,02cc0d5e1068e542e94c39e54a6b66fbe1741548541539f50e6280588989ee64,44136fa355b3678a1146ad16f7e8649e94fb4fc21fe77e8310c060f61caaff8a
simple_parquet_reader,optimize,1,main,ok,379.0,0.423372,4725090992,1709651111,02cc0d5e1068e542e94c39e54a6b66fbe1741548541539f50e6280588989ee64,44136fa355b3678a1146ad16f7e8649e94fb4fc21fe77e8310c060f61caaff8a
simple_parquet_reader,optimize,1,current,ok,407.0,0.451898,4861398755,1837978653,02cc0d5e1068e542e94c39e54a6b66fbe1741548541539f50e6280588989ee64,44136fa355b3678a1146ad16f7e8649e94fb4fc21fe77e8310c060f61caaff8a
simple_parquet_reader,optimize,2,current,ok,406.0,0.450635,4858774037,1832986023,02cc0d5e1068e542e94c39e54a6b66fbe1741548541539f50e6280588989ee64,44136fa355b3678a1146ad16f7e8649e94fb4fc21fe77e8310c060f61caaff8a
simple_parquet_reader,optimize,2,main,ok,391.0,0.43777,4725137073,1747794092,02cc0d5e1068e542e94c39e54a6b66fbe1741548541539f50e6280588989ee64,44136fa355b3678a1146ad16f7e8649e94fb4fc21fe77e8310c060f61caaff8a
simple_parquet_reader,optimize,3,main,ok,383.0,0.427597,4725149427,1714553955,02cc0d5e1068e542e94c39e54a6b66fbe1741548541539f50e6280588989ee64,44136fa355b3678a1146ad16f7e8649e94fb4fc21fe77e8310c060f61caaff8a
simple_parquet_reader,optimize,3,current,ok,408.0,0.452033,4861337651,1844480620,02cc0d5e1068e542e94c39e54a6b66fbe1741548541539f50e6280588989ee64,44136fa355b3678a1146ad16f7e8649e94fb4fc21fe77e8310c060f61caaff8a
simple_parquet_reader,optimize,4,current,ok,401.0,0.447255,4861655392,1815207171,02cc0d5e1068e542e94c39e54a6b66fbe1741548541539f50e6280588989ee64,44136fa355b3678a1146ad16f7e8649e94fb4fc21fe77e8310c060f61caaff8a
simple_parquet_reader,optimize,4,main,ok,377.0,0.422846,4725110193,1696715135,02cc0d5e1068e542e94c39e54a6b66fbe1741548541539f50e6280588989ee64,44136fa355b3678a1146ad16f7e8649e94fb4fc21fe77e8310c060f61caaff8a
simple_parquet_reader,optimize,5,main,ok,388.0,0.432441,4725079774,1738233087,02cc0d5e1068e542e94c39e54a6b66fbe1741548541539f50e6280588989ee64,44136fa355b3678a1146ad16f7e8649e94fb4fc21fe77e8310c060f61caaff8a
simple_parquet_reader,optimize,5,current,ok,414.0,0.460119,4861354543,1864177610,02cc0d5e1068e542e94c39e54a6b66fbe1741548541539f50e6280588989ee64,44136fa355b3678a1146ad16f7e8649e94fb4fc21fe77e8310c060f61caaff8a
str_concat,plain,1,main,ok,2.0,0.03269,132097958,44842866,ecf9fe3569d9b6a80133835e8e42b2d76b861920e49249d015e39cc903160955,44136fa355b3678a1146ad16f7e8649e94fb4fc21fe77e8310c060f61caaff8a
str_concat,plain,1,current,ok,2.0,0.030895,139312559,46964954,ecf9fe3569d9b6a80133835e8e42b2d76b861920e49249d015e39cc903160955,44136fa355b3678a1146ad16f7e8649e94fb4fc21fe77e8310c060f61caaff8a
str_concat,plain,2,current,ok,2.0,0.031482,139289264,46981308,ecf9fe3569d9b6a80133835e8e42b2d76b861920e49249d015e39cc903160955,44136fa355b3678a1146ad16f7e8649e94fb4fc21fe77e8310c060f61caaff8a
str_concat,plain,2,main,ok,2.0,0.030279,132089215,44653416,ecf9fe3569d9b6a80133835e8e42b2d76b861920e49249d015e39cc903160955,44136fa355b3678a1146ad16f7e8649e94fb4fc21fe77e8310c060f61caaff8a
str_concat,plain,3,main,ok,1.0,0.031848,132096904,44596047,ecf9fe3569d9b6a80133835e8e42b2d76b861920e49249d015e39cc903160955,44136fa355b3678a1146ad16f7e8649e94fb4fc21fe77e8310c060f61caaff8a
str_concat,plain,3,current,ok,1.0,0.031023,139317193,47849383,ecf9fe3569d9b6a80133835e8e42b2d76b861920e49249d015e39cc903160955,44136fa355b3678a1146ad16f7e8649e94fb4fc21fe77e8310c060f61caaff8a
str_concat,plain,4,current,ok,1.0,0.029915,139323016,46578470,ecf9fe3569d9b6a80133835e8e42b2d76b861920e49249d015e39cc903160955,44136fa355b3678a1146ad16f7e8649e94fb4fc21fe77e8310c060f61caaff8a
str_concat,plain,4,main,ok,2.0,0.031592,132082670,44597155,ecf9fe3569d9b6a80133835e8e42b2d76b861920e49249d015e39cc903160955,44136fa355b3678a1146ad16f7e8649e94fb4fc21fe77e8310c060f61caaff8a
str_concat,plain,5,main,ok,1.0,0.030334,132111553,44866151,ecf9fe3569d9b6a80133835e8e42b2d76b861920e49249d015e39cc903160955,44136fa355b3678a1146ad16f7e8649e94fb4fc21fe77e8310c060f61caaff8a
str_concat,plain,5,current,ok,1.0,0.031017,139294534,46973441,ecf9fe3569d9b6a80133835e8e42b2d76b861920e49249d015e39cc903160955,44136fa355b3678a1146ad16f7e8649e94fb4fc21fe77e8310c060f61caaff8a
str_concat,optimize,1,main,ok,1.0,0.031841,132335314,44329242,ecf9fe3569d9b6a80133835e8e42b2d76b861920e49249d015e39cc903160955,44136fa355b3678a1146ad16f7e8649e94fb4fc21fe77e8310c060f61caaff8a
str_concat,optimize,1,current,ok,1.0,0.032202,139535772,47922698,ecf9fe3569d9b6a80133835e8e42b2d76b861920e49249d015e39cc903160955,44136fa355b3678a1146ad16f7e8649e94fb4fc21fe77e8310c060f61caaff8a
str_concat,optimize,2,current,ok,1.0,0.03152,139568681,47118744,ecf9fe3569d9b6a80133835e8e42b2d76b861920e49249d015e39cc903160955,44136fa355b3678a1146ad16f7e8649e94fb4fc21fe77e8310c060f61caaff8a
str_concat,optimize,2,main,ok,2.0,0.031118,132333652,45095304,ecf9fe3569d9b6a80133835e8e42b2d76b861920e49249d015e39cc903160955,44136fa355b3678a1146ad16f7e8649e94fb4fc21fe77e8310c060f61caaff8a
str_concat,optimize,3,main,ok,1.0,0.029796,132334074,44394517,ecf9fe3569d9b6a80133835e8e42b2d76b861920e49249d015e39cc903160955,44136fa355b3678a1146ad16f7e8649e94fb4fc21fe77e8310c060f61caaff8a
str_concat,optimize,3,current,ok,1.0,0.032622,139534597,46789266,ecf9fe3569d9b6a80133835e8e42b2d76b861920e49249d015e39cc903160955,44136fa355b3678a1146ad16f7e8649e94fb4fc21fe77e8310c060f61caaff8a
str_concat,optimize,4,current,ok,1.0,0.03137,139537345,46546794,ecf9fe3569d9b6a80133835e8e42b2d76b861920e49249d015e39cc903160955,44136fa355b3678a1146ad16f7e8649e94fb4fc21fe77e8310c060f61caaff8a
str_concat,optimize,4,main,ok,1.0,0.030106,132342403,44622188,ecf9fe3569d9b6a80133835e8e42b2d76b861920e49249d015e39cc903160955,44136fa355b3678a1146ad16f7e8649e94fb4fc21fe77e8310c060f61caaff8a
str_concat,optimize,5,main,ok,2.0,0.030554,132327441,45278608,ecf9fe3569d9b6a80133835e8e42b2d76b861920e49249d015e39cc903160955,44136fa355b3678a1146ad16f7e8649e94fb4fc21fe77e8310c060f61caaff8a
str_concat,optimize,5,current,ok,1.0,0.031293,139549622,46733894,ecf9fe3569d9b6a80133835e8e42b2d76b861920e49249d015e39cc903160955,44136fa355b3678a1146ad16f7e8649e94fb4fc21fe77e8310c060f61caaff8a
str_find,plain,1,main,ok,267.0,0.298287,4844653559,1252189241,ca7475da010b469ca7da319a32b7a8e46ef04df41c07dbee596122c30631e71a,44136fa355b3678a1146ad16f7e8649e94fb4fc21fe77e8310c060f61caaff8a
str_find,plain,1,current,ok,297.0,0.329787,4848846670,1383546141,ca7475da010b469ca7da319a32b7a8e46ef04df41c07dbee596122c30631e71a,44136fa355b3678a1146ad16f7e8649e94fb4fc21fe77e8310c060f61caaff8a
str_find,plain,2,current,ok,313.0,0.344025,4852017545,1462694676,ca7475da010b469ca7da319a32b7a8e46ef04df41c07dbee596122c30631e71a,44136fa355b3678a1146ad16f7e8649e94fb4fc21fe77e8310c060f61caaff8a
str_find,plain,2,main,ok,274.0,0.305504,4835406408,1276134497,ca7475da010b469ca7da319a32b7a8e46ef04df41c07dbee596122c30631e71a,44136fa355b3678a1146ad16f7e8649e94fb4fc21fe77e8310c060f61caaff8a
str_find,plain,3,main,ok,268.0,0.299043,4841708342,1259630181,ca7475da010b469ca7da319a32b7a8e46ef04df41c07dbee596122c30631e71a,44136fa355b3678a1146ad16f7e8649e94fb4fc21fe77e8310c060f61caaff8a
str_find,plain,3,current,ok,294.0,0.324774,4848457710,1371206024,ca7475da010b469ca7da319a32b7a8e46ef04df41c07dbee596122c30631e71a,44136fa355b3678a1146ad16f7e8649e94fb4fc21fe77e8310c060f61caaff8a
str_find,plain,4,current,ok,313.0,0.346896,4801412934,1461445591,ca7475da010b469ca7da319a32b7a8e46ef04df41c07dbee596122c30631e71a,44136fa355b3678a1146ad16f7e8649e94fb4fc21fe77e8310c060f61caaff8a
str_find,plain,4,main,ok,271.0,0.301739,4834546273,1262351674,ca7475da010b469ca7da319a32b7a8e46ef04df41c07dbee596122c30631e71a,44136fa355b3678a1146ad16f7e8649e94fb4fc21fe77e8310c060f61caaff8a
str_find,plain,5,main,ok,276.0,0.309391,4834554671,1287816585,ca7475da010b469ca7da319a32b7a8e46ef04df41c07dbee596122c30631e71a,44136fa355b3678a1146ad16f7e8649e94fb4fc21fe77e8310c060f61caaff8a
str_find,plain,5,current,ok,302.0,0.33315,4828270224,1403252663,ca7475da010b469ca7da319a32b7a8e46ef04df41c07dbee596122c30631e71a,44136fa355b3678a1146ad16f7e8649e94fb4fc21fe77e8310c060f61caaff8a
str_find,optimize,1,main,ok,272.0,0.302735,4841593546,1269342933,ca7475da010b469ca7da319a32b7a8e46ef04df41c07dbee596122c30631e71a,44136fa355b3678a1146ad16f7e8649e94fb4fc21fe77e8310c060f61caaff8a
str_find,optimize,1,current,ok,293.0,0.32556,4852135305,1362633937,ca7475da010b469ca7da319a32b7a8e46ef04df41c07dbee596122c30631e71a,44136fa355b3678a1146ad16f7e8649e94fb4fc21fe77e8310c060f61caaff8a
str_find,optimize,2,current,ok,315.0,0.346768,4801728131,1474659727,ca7475da010b469ca7da319a32b7a8e46ef04df41c07dbee596122c30631e71a,44136fa355b3678a1146ad16f7e8649e94fb4fc21fe77e8310c060f61caaff8a
str_find,optimize,2,main,ok,274.0,0.304041,4834871846,1282551889,ca7475da010b469ca7da319a32b7a8e46ef04df41c07dbee596122c30631e71a,44136fa355b3678a1146ad16f7e8649e94fb4fc21fe77e8310c060f61caaff8a
str_find,optimize,3,main,ok,273.0,0.304185,4835737244,1276662811,ca7475da010b469ca7da319a32b7a8e46ef04df41c07dbee596122c30631e71a,44136fa355b3678a1146ad16f7e8649e94fb4fc21fe77e8310c060f61caaff8a
str_find,optimize,3,current,ok,292.0,0.324351,4849173739,1370962794,ca7475da010b469ca7da319a32b7a8e46ef04df41c07dbee596122c30631e71a,44136fa355b3678a1146ad16f7e8649e94fb4fc21fe77e8310c060f61caaff8a
str_find,optimize,4,current,ok,310.0,0.342032,4830284045,1444180197,ca7475da010b469ca7da319a32b7a8e46ef04df41c07dbee596122c30631e71a,44136fa355b3678a1146ad16f7e8649e94fb4fc21fe77e8310c060f61caaff8a
str_find,optimize,4,main,ok,276.0,0.307773,4835706029,1292436766,ca7475da010b469ca7da319a32b7a8e46ef04df41c07dbee596122c30631e71a,44136fa355b3678a1146ad16f7e8649e94fb4fc21fe77e8310c060f61caaff8a
str_find,optimize,5,main,ok,276.0,0.308892,4834862671,1297942594,ca7475da010b469ca7da319a32b7a8e46ef04df41c07dbee596122c30631e71a,44136fa355b3678a1146ad16f7e8649e94fb4fc21fe77e8310c060f61caaff8a
str_find,optimize,5,current,ok,313.0,0.345215,4801709683,1464672121,ca7475da010b469ca7da319a32b7a8e46ef04df41c07dbee596122c30631e71a,44136fa355b3678a1146ad16f7e8649e94fb4fc21fe77e8310c060f61caaff8a
str_index,plain,1,main,ok,66.0,0.0964,1065316357,341591985,67b22b11361f8bcf0ad14b304fb733466a4b849cb180aec9e4891dd347e0fb9e,44136fa355b3678a1146ad16f7e8649e94fb4fc21fe77e8310c060f61caaff8a
str_index,plain,1,current,ok,66.0,0.09971,1084003044,343549176,67b22b11361f8bcf0ad14b304fb733466a4b849cb180aec9e4891dd347e0fb9e,44136fa355b3678a1146ad16f7e8649e94fb4fc21fe77e8310c060f61caaff8a
str_index,plain,2,current,ok,67.0,0.102803,1084001748,349000945,67b22b11361f8bcf0ad14b304fb733466a4b849cb180aec9e4891dd347e0fb9e,44136fa355b3678a1146ad16f7e8649e94fb4fc21fe77e8310c060f61caaff8a
str_index,plain,2,main,ok,66.0,0.100396,1065297559,348767402,67b22b11361f8bcf0ad14b304fb733466a4b849cb180aec9e4891dd347e0fb9e,44136fa355b3678a1146ad16f7e8649e94fb4fc21fe77e8310c060f61caaff8a
str_index,plain,3,main,ok,61.0,0.094156,1065298477,316704531,67b22b11361f8bcf0ad14b304fb733466a4b849cb180aec9e4891dd347e0fb9e,44136fa355b3678a1146ad16f7e8649e94fb4fc21fe77e8310c060f61caaff8a
str_index,plain,3,current,ok,76.0,0.107129,1084007434,387246503,67b22b11361f8bcf0ad14b304fb733466a4b849cb180aec9e4891dd347e0fb9e,44136fa355b3678a1146ad16f7e8649e94fb4fc21fe77e8310c060f61caaff8a
str_index,plain,4,current,ok,66.0,0.097665,1084031632,347410947,67b22b11361f8bcf0ad14b304fb733466a4b849cb180aec9e4891dd347e0fb9e,44136fa355b3678a1146ad16f7e8649e94fb4fc21fe77e8310c060f61caaff8a
str_index,plain,4,main,ok,62.0,0.093223,1065313129,326960192,67b22b11361f8bcf0ad14b304fb733466a4b849cb180aec9e4891dd347e0fb9e,44136fa355b3678a1146ad16f7e8649e94fb4fc21fe77e8310c060f61caaff8a
str_index,plain,5,main,ok,61.0,0.092464,1065314174,319594543,67b22b11361f8bcf0ad14b304fb733466a4b849cb180aec9e4891dd347e0fb9e,44136fa355b3678a1146ad16f7e8649e94fb4fc21fe77e8310c060f61caaff8a
str_index,plain,5,current,ok,66.0,0.09829,1084000663,344864629,67b22b11361f8bcf0ad14b304fb733466a4b849cb180aec9e4891dd347e0fb9e,44136fa355b3678a1146ad16f7e8649e94fb4fc21fe77e8310c060f61caaff8a
str_index,optimize,1,main,ok,61.0,0.091923,1065616673,318186333,67b22b11361f8bcf0ad14b304fb733466a4b849cb180aec9e4891dd347e0fb9e,44136fa355b3678a1146ad16f7e8649e94fb4fc21fe77e8310c060f61caaff8a
str_index,optimize,1,current,ok,66.0,0.098786,1084330476,345543142,67b22b11361f8bcf0ad14b304fb733466a4b849cb180aec9e4891dd347e0fb9e,44136fa355b3678a1146ad16f7e8649e94fb4fc21fe77e8310c060f61caaff8a
str_index,optimize,2,current,ok,66.0,0.099628,1084343000,344200369,67b22b11361f8bcf0ad14b304fb733466a4b849cb180aec9e4891dd347e0fb9e,44136fa355b3678a1146ad16f7e8649e94fb4fc21fe77e8310c060f61caaff8a
str_index,optimize,2,main,ok,62.0,0.094624,1065624592,324672169,67b22b11361f8bcf0ad14b304fb733466a4b849cb180aec9e4891dd347e0fb9e,44136fa355b3678a1146ad16f7e8649e94fb4fc21fe77e8310c060f61caaff8a
str_index,optimize,3,main,ok,61.0,0.091552,1065623886,318241112,67b22b11361f8bcf0ad14b304fb733466a4b849cb180aec9e4891dd347e0fb9e,44136fa355b3678a1146ad16f7e8649e94fb4fc21fe77e8310c060f61caaff8a
str_index,optimize,3,current,ok,66.0,0.097257,1084338835,345141360,67b22b11361f8bcf0ad14b304fb733466a4b849cb180aec9e4891dd347e0fb9e,44136fa355b3678a1146ad16f7e8649e94fb4fc21fe77e8310c060f61caaff8a
str_index,optimize,4,current,ok,68.0,0.099342,1084324914,351618787,67b22b11361f8bcf0ad14b304fb733466a4b849cb180aec9e4891dd347e0fb9e,44136fa355b3678a1146ad16f7e8649e94fb4fc21fe77e8310c060f61caaff8a
str_index,optimize,4,main,ok,63.0,0.093513,1065618518,326759314,67b22b11361f8bcf0ad14b304fb733466a4b849cb180aec9e4891dd347e0fb9e,44136fa355b3678a1146ad16f7e8649e94fb4fc21fe77e8310c060f61caaff8a
str_index,optimize,5,main,ok,64.0,0.095865,1065623669,328344182,67b22b11361f8bcf0ad14b304fb733466a4b849cb180aec9e4891dd347e0fb9e,44136fa355b3678a1146ad16f7e8649e94fb4fc21fe77e8310c060f61caaff8a
str_index,optimize,5,current,ok,69.0,0.100314,1084336631,357169665,67b22b11361f8bcf0ad14b304fb733466a4b849cb180aec9e4891dd347e0fb9e,44136fa355b3678a1146ad16f7e8649e94fb4fc21fe77e8310c060f61caaff8a
table_compare,plain,1,main,ok,4650.0,9.221836,53451846953,30565951417,4278f60e47e736be3ddc626a8116fc9036b2f9943260cfc44399393b163b5922,44136fa355b3678a1146ad16f7e8649e94fb4fc21fe77e8310c060f61caaff8a
table_compare,plain,1,current,ok,4466.0,9.29525,54250736285,31114731092,4278f60e47e736be3ddc626a8116fc9036b2f9943260cfc44399393b163b5922,44136fa355b3678a1146ad16f7e8649e94fb4fc21fe77e8310c060f61caaff8a
table_compare,plain,2,current,ok,4482.0,9.324098,54251518829,31320985681,4278f60e47e736be3ddc626a8116fc9036b2f9943260cfc44399393b163b5922,44136fa355b3678a1146ad16f7e8649e94fb4fc21fe77e8310c060f61caaff8a
table_compare,plain,2,main,ok,4480.0,9.222511,53478001047,30827620186,4278f60e47e736be3ddc626a8116fc9036b2f9943260cfc44399393b163b5922,44136fa355b3678a1146ad16f7e8649e94fb4fc21fe77e8310c060f61caaff8a
table_compare,plain,3,main,ok,4416.0,9.004026,53466888392,30373724571,4278f60e47e736be3ddc626a8116fc9036b2f9943260cfc44399393b163b5922,44136fa355b3678a1146ad16f7e8649e94fb4fc21fe77e8310c060f61caaff8a
table_compare,plain,3,current,ok,4432.0,9.097336,54249000183,30733324771,4278f60e47e736be3ddc626a8116fc9036b2f9943260cfc44399393b163b5922,44136fa355b3678a1146ad16f7e8649e94fb4fc21fe77e8310c060f61caaff8a
table_compare,optimize,1,main,ok,4453.0,8.998724,52591004104,30118910628,4278f60e47e736be3ddc626a8116fc9036b2f9943260cfc44399393b163b5922,44136fa355b3678a1146ad16f7e8649e94fb4fc21fe77e8310c060f61caaff8a
table_compare,optimize,1,current,ok,4560.0,9.246627,53636223261,31087375214,4278f60e47e736be3ddc626a8116fc9036b2f9943260cfc44399393b163b5922,44136fa355b3678a1146ad16f7e8649e94fb4fc21fe77e8310c060f61caaff8a
table_compare,optimize,2,current,ok,4495.0,9.15556,53637412470,30704925602,4278f60e47e736be3ddc626a8116fc9036b2f9943260cfc44399393b163b5922,44136fa355b3678a1146ad16f7e8649e94fb4fc21fe77e8310c060f61caaff8a
table_compare,optimize,2,main,ok,4462.0,9.034036,52592155824,30281680770,4278f60e47e736be3ddc626a8116fc9036b2f9943260cfc44399393b163b5922,44136fa355b3678a1146ad16f7e8649e94fb4fc21fe77e8310c060f61caaff8a
table_compare,optimize,3,main,ok,4439.0,8.989283,52611609722,30109172107,4278f60e47e736be3ddc626a8116fc9036b2f9943260cfc44399393b163b5922,44136fa355b3678a1146ad16f7e8649e94fb4fc21fe77e8310c060f61caaff8a
table_compare,optimize,3,current,ok,4428.0,9.06844,53654704535,30668892975,4278f60e47e736be3ddc626a8116fc9036b2f9943260cfc44399393b163b5922,44136fa355b3678a1146ad16f7e8649e94fb4fc21fe77e8310c060f61caaff8a
table_compare2,plain,1,main,ok,803.0,3.966522,35098612895,15609816984,8c55171e6a28e212c47e0103fca037d693f83c9f50f47de611f44db53733ee76,44136fa355b3678a1146ad16f7e8649e94fb4fc21fe77e8310c060f61caaff8a
table_compare2,plain,1,current,ok,805.0,4.045892,35465818601,15993280812,8c55171e6a28e212c47e0103fca037d693f83c9f50f47de611f44db53733ee76,44136fa355b3678a1146ad16f7e8649e94fb4fc21fe77e8310c060f61caaff8a
table_compare2,plain,2,current,ok,806.0,4.025169,35477857154,15902208842,8c55171e6a28e212c47e0103fca037d693f83c9f50f47de611f44db53733ee76,44136fa355b3678a1146ad16f7e8649e94fb4fc21fe77e8310c060f61caaff8a
table_compare2,plain,2,main,ok,788.0,3.927398,35097525607,15463630857,8c55171e6a28e212c47e0103fca037d693f83c9f50f47de611f44db53733ee76,44136fa355b3678a1146ad16f7e8649e94fb4fc21fe77e8310c060f61caaff8a
table_compare2,plain,3,main,ok,784.0,3.980553,35119510761,15696813855,8c55171e6a28e212c47e0103fca037d693f83c9f50f47de611f44db53733ee76,44136fa355b3678a1146ad16f7e8649e94fb4fc21fe77e8310c060f61caaff8a
table_compare2,plain,3,current,ok,813.0,4.067079,35475306172,16034607368,8c55171e6a28e212c47e0103fca037d693f83c9f50f47de611f44db53733ee76,44136fa355b3678a1146ad16f7e8649e94fb4fc21fe77e8310c060f61caaff8a
table_compare2,optimize,1,main,ok,766.0,3.808169,34413196116,14922117790,8c55171e6a28e212c47e0103fca037d693f83c9f50f47de611f44db53733ee76,44136fa355b3678a1146ad16f7e8649e94fb4fc21fe77e8310c060f61caaff8a
table_compare2,optimize,1,current,ok,801.0,3.938758,34612293824,15468704134,8c55171e6a28e212c47e0103fca037d693f83c9f50f47de611f44db53733ee76,44136fa355b3678a1146ad16f7e8649e94fb4fc21fe77e8310c060f61caaff8a
table_compare2,optimize,2,current,ok,782.0,3.87609,34602517198,15217270729,8c55171e6a28e212c47e0103fca037d693f83c9f50f47de611f44db53733ee76,44136fa355b3678a1146ad16f7e8649e94fb4fc21fe77e8310c060f61caaff8a
table_compare2,optimize,2,main,ok,766.0,3.870559,34405831476,15139599821,8c55171e6a28e212c47e0103fca037d693f83c9f50f47de611f44db53733ee76,44136fa355b3678a1146ad16f7e8649e94fb4fc21fe77e8310c060f61caaff8a
table_compare2,optimize,3,main,ok,779.0,3.850124,34405736539,15120954280,8c55171e6a28e212c47e0103fca037d693f83c9f50f47de611f44db53733ee76,44136fa355b3678a1146ad16f7e8649e94fb4fc21fe77e8310c060f61caaff8a
table_compare2,optimize,3,current,ok,788.0,3.90635,34612035621,15330583302,8c55171e6a28e212c47e0103fca037d693f83c9f50f47de611f44db53733ee76,44136fa355b3678a1146ad16f7e8649e94fb4fc21fe77e8310c060f61caaff8a
table_save_load,plain,1,main,ok,1328.0,4.11445,40172307078,14574700654,85f3c84bb41350f3e26d25d206e75ec513cb4eae1202b1e464265caf82b11cb7,05d029c7b0f027a35c9ff1a6efba82c816ac08fb4fcfa6cf0c3f7035d69b458a
table_save_load,plain,1,current,ok,1346.0,4.181015,40317497769,14855892685,85f3c84bb41350f3e26d25d206e75ec513cb4eae1202b1e464265caf82b11cb7,05d029c7b0f027a35c9ff1a6efba82c816ac08fb4fcfa6cf0c3f7035d69b458a
table_save_load,plain,2,current,ok,1331.0,4.180757,40317027005,14896766200,85f3c84bb41350f3e26d25d206e75ec513cb4eae1202b1e464265caf82b11cb7,05d029c7b0f027a35c9ff1a6efba82c816ac08fb4fcfa6cf0c3f7035d69b458a
table_save_load,plain,2,main,ok,1329.0,4.096918,40176526065,14501803121,85f3c84bb41350f3e26d25d206e75ec513cb4eae1202b1e464265caf82b11cb7,05d029c7b0f027a35c9ff1a6efba82c816ac08fb4fcfa6cf0c3f7035d69b458a
table_save_load,plain,3,main,ok,1314.0,4.090562,40171205209,14537822527,85f3c84bb41350f3e26d25d206e75ec513cb4eae1202b1e464265caf82b11cb7,05d029c7b0f027a35c9ff1a6efba82c816ac08fb4fcfa6cf0c3f7035d69b458a
table_save_load,plain,3,current,ok,1344.0,4.302982,40317566117,15448699897,85f3c84bb41350f3e26d25d206e75ec513cb4eae1202b1e464265caf82b11cb7,05d029c7b0f027a35c9ff1a6efba82c816ac08fb4fcfa6cf0c3f7035d69b458a
table_save_load,optimize,1,main,ok,1318.0,4.067642,39834767008,14415259768,85f3c84bb41350f3e26d25d206e75ec513cb4eae1202b1e464265caf82b11cb7,05d029c7b0f027a35c9ff1a6efba82c816ac08fb4fcfa6cf0c3f7035d69b458a
table_save_load,optimize,1,current,ok,1292.0,4.030803,39892434250,14405283796,85f3c84bb41350f3e26d25d206e75ec513cb4eae1202b1e464265caf82b11cb7,05d029c7b0f027a35c9ff1a6efba82c816ac08fb4fcfa6cf0c3f7035d69b458a
table_save_load,optimize,2,current,ok,1307.0,4.049696,39888995237,14471759524,85f3c84bb41350f3e26d25d206e75ec513cb4eae1202b1e464265caf82b11cb7,05d029c7b0f027a35c9ff1a6efba82c816ac08fb4fcfa6cf0c3f7035d69b458a
table_save_load,optimize,2,main,ok,1296.0,4.00232,39841288618,14317398847,85f3c84bb41350f3e26d25d206e75ec513cb4eae1202b1e464265caf82b11cb7,05d029c7b0f027a35c9ff1a6efba82c816ac08fb4fcfa6cf0c3f7035d69b458a
table_save_load,optimize,3,main,ok,1337.0,4.071249,39835922766,14522859625,85f3c84bb41350f3e26d25d206e75ec513cb4eae1202b1e464265caf82b11cb7,05d029c7b0f027a35c9ff1a6efba82c816ac08fb4fcfa6cf0c3f7035d69b458a
table_save_load,optimize,3,current,ok,1320.0,4.058277,39889230252,14450431747,85f3c84bb41350f3e26d25d206e75ec513cb4eae1202b1e464265caf82b11cb7,05d029c7b0f027a35c9ff1a6efba82c816ac08fb4fcfa6cf0c3f7035d69b458a
table_sort,plain,1,main,ok,67.0,0.228469,2034608326,861850498,fa9764551ae016af0f759ca787855435fd9a6e8a19a8038387ae84bb591b2f84,44136fa355b3678a1146ad16f7e8649e94fb4fc21fe77e8310c060f61caaff8a
table_sort,plain,1,current,ok,73.0,0.239612,2050327461,905327940,fa9764551ae016af0f759ca787855435fd9a6e8a19a8038387ae84bb591b2f84,44136fa355b3678a1146ad16f7e8649e94fb4fc21fe77e8310c060f61caaff8a
table_sort,plain,2,current,ok,68.0,0.231749,2050357298,887581523,fa9764551ae016af0f759ca787855435fd9a6e8a19a8038387ae84bb591b2f84,44136fa355b3678a1146ad16f7e8649e94fb4fc21fe77e8310c060f61caaff8a
table_sort,plain,2,main,ok,68.0,0.228437,2034600467,864376776,fa9764551ae016af0f759ca787855435fd9a6e8a19a8038387ae84bb591b2f84,44136fa355b3678a1146ad16f7e8649e94fb4fc21fe77e8310c060f61caaff8a
table_sort,plain,3,main,ok,70.0,0.241908,2034611104,874094251,fa9764551ae016af0f759ca787855435fd9a6e8a19a8038387ae84bb591b2f84,44136fa355b3678a1146ad16f7e8649e94fb4fc21fe77e8310c060f61caaff8a
table_sort,plain,3,current,ok,71.0,0.233007,2050349874,883822929,fa9764551ae016af0f759ca787855435fd9a6e8a19a8038387ae84bb591b2f84,44136fa355b3678a1146ad16f7e8649e94fb4fc21fe77e8310c060f61caaff8a
table_sort,plain,4,current,ok,69.0,0.23387,2050356132,878429524,fa9764551ae016af0f759ca787855435fd9a6e8a19a8038387ae84bb591b2f84,44136fa355b3678a1146ad16f7e8649e94fb4fc21fe77e8310c060f61caaff8a
table_sort,plain,4,main,ok,69.0,0.23268,2034621211,881329630,fa9764551ae016af0f759ca787855435fd9a6e8a19a8038387ae84bb591b2f84,44136fa355b3678a1146ad16f7e8649e94fb4fc21fe77e8310c060f61caaff8a
table_sort,plain,5,main,ok,75.0,0.232542,2035394243,882380179,fa9764551ae016af0f759ca787855435fd9a6e8a19a8038387ae84bb591b2f84,44136fa355b3678a1146ad16f7e8649e94fb4fc21fe77e8310c060f61caaff8a
table_sort,plain,5,current,ok,69.0,0.231282,2051133359,876656566,fa9764551ae016af0f759ca787855435fd9a6e8a19a8038387ae84bb591b2f84,44136fa355b3678a1146ad16f7e8649e94fb4fc21fe77e8310c060f61caaff8a
table_sort,optimize,1,main,ok,72.0,0.227661,1971831858,862173738,fa9764551ae016af0f759ca787855435fd9a6e8a19a8038387ae84bb591b2f84,44136fa355b3678a1146ad16f7e8649e94fb4fc21fe77e8310c060f61caaff8a
table_sort,optimize,1,current,ok,69.0,0.229898,1983707585,855134457,fa9764551ae016af0f759ca787855435fd9a6e8a19a8038387ae84bb591b2f84,44136fa355b3678a1146ad16f7e8649e94fb4fc21fe77e8310c060f61caaff8a
table_sort,optimize,2,current,ok,68.0,0.229031,1984893957,868622162,fa9764551ae016af0f759ca787855435fd9a6e8a19a8038387ae84bb591b2f84,44136fa355b3678a1146ad16f7e8649e94fb4fc21fe77e8310c060f61caaff8a
table_sort,optimize,2,main,ok,74.0,0.231668,1971816853,873512095,fa9764551ae016af0f759ca787855435fd9a6e8a19a8038387ae84bb591b2f84,44136fa355b3678a1146ad16f7e8649e94fb4fc21fe77e8310c060f61caaff8a
table_sort,optimize,3,main,ok,71.0,0.233315,1972635537,884576273,fa9764551ae016af0f759ca787855435fd9a6e8a19a8038387ae84bb591b2f84,44136fa355b3678a1146ad16f7e8649e94fb4fc21fe77e8310c060f61caaff8a
table_sort,optimize,3,current,ok,71.0,0.235922,1984114366,895560298,fa9764551ae016af0f759ca787855435fd9a6e8a19a8038387ae84bb591b2f84,44136fa355b3678a1146ad16f7e8649e94fb4fc21fe77e8310c060f61caaff8a
table_sort,optimize,4,current,ok,72.0,0.23393,1983695520,890656888,fa9764551ae016af0f759ca787855435fd9a6e8a19a8038387ae84bb591b2f84,44136fa355b3678a1146ad16f7e8649e94fb4fc21fe77e8310c060f61caaff8a
table_sort,optimize,4,main,ok,67.0,0.221486,1971801804,836434695,fa9764551ae016af0f759ca787855435fd9a6e8a19a8038387ae84bb591b2f84,44136fa355b3678a1146ad16f7e8649e94fb4fc21fe77e8310c060f61caaff8a
table_sort,optimize,5,main,ok,68.0,0.225641,1971798063,837027750,fa9764551ae016af0f759ca787855435fd9a6e8a19a8038387ae84bb591b2f84,44136fa355b3678a1146ad16f7e8649e94fb4fc21fe77e8310c060f61caaff8a
table_sort,optimize,5,current,ok,69.0,0.231005,1983692886,873117058,fa9764551ae016af0f759ca787855435fd9a6e8a19a8038387ae84bb591b2f84,44136fa355b3678a1146ad16f7e8649e94fb4fc21fe77e8310c060f61caaff8a
table_total,plain,1,main,ok,53.0,0.084284,882027091,260283258,b51092e3e44c477d7db20a4cf1344a5b0f7041c5bce4747cb3453ba5dbd0e053,44136fa355b3678a1146ad16f7e8649e94fb4fc21fe77e8310c060f61caaff8a
table_total,plain,1,current,ok,56.0,0.086998,901962041,277558966,b51092e3e44c477d7db20a4cf1344a5b0f7041c5bce4747cb3453ba5dbd0e053,44136fa355b3678a1146ad16f7e8649e94fb4fc21fe77e8310c060f61caaff8a
table_total,plain,2,current,ok,57.0,0.089253,903546941,287142515,b51092e3e44c477d7db20a4cf1344a5b0f7041c5bce4747cb3453ba5dbd0e053,44136fa355b3678a1146ad16f7e8649e94fb4fc21fe77e8310c060f61caaff8a
table_total,plain,2,main,ok,54.0,0.086199,879043229,261256838,b51092e3e44c477d7db20a4cf1344a5b0f7041c5bce4747cb3453ba5dbd0e053,44136fa355b3678a1146ad16f7e8649e94fb4fc21fe77e8310c060f61caaff8a
table_total,plain,3,main,ok,50.0,0.080845,882029193,251423890,b51092e3e44c477d7db20a4cf1344a5b0f7041c5bce4747cb3453ba5dbd0e053,44136fa355b3678a1146ad16f7e8649e94fb4fc21fe77e8310c060f61caaff8a
table_total,plain,3,current,ok,56.0,0.088984,901971996,282381465,b51092e3e44c477d7db20a4cf1344a5b0f7041c5bce4747cb3453ba5dbd0e053,44136fa355b3678a1146ad16f7e8649e94fb4fc21fe77e8310c060f61caaff8a
table_total,plain,4,current,ok,58.0,0.089347,901940605,278101458,b51092e3e44c477d7db20a4cf1344a5b0f7041c5bce4747cb3453ba5dbd0e053,44136fa355b3678a1146ad16f7e8649e94fb4fc21fe77e8310c060f61caaff8a
table_total,plain,4,main,ok,55.0,0.086253,879048224,262047340,b51092e3e44c477d7db20a4cf1344a5b0f7041c5bce4747cb3453ba5dbd0e053,44136fa355b3678a1146ad16f7e8649e94fb4fc21fe77e8310c060f61caaff8a
table_total,plain,5,main,ok,51.0,0.08209,880646804,251662205,b51092e3e44c477d7db20a4cf1344a5b0f7041c5bce4747cb3453ba5dbd0e053,44136fa355b3678a1146ad16f7e8649e94fb4fc21fe77e8310c060f61caaff8a
table_total,plain,5,current,ok,56.0,0.089035,901975941,278865482,b51092e3e44c477d7db20a4cf1344a5b0f7041c5bce4747cb3453ba5dbd0e053,44136fa355b3678a1146ad16f7e8649e94fb4fc21fe77e8310c060f61caaff8a
table_total,optimize,1,main,ok,43.0,0.073718,780245692,218239845,b51092e3e44c477d7db20a4cf1344a5b0f7041c5bce4747cb3453ba5dbd0e053,44136fa355b3678a1146ad16f7e8649e94fb4fc21fe77e8310c060f61caaff8a
table_total,optimize,1,current,ok,43.0,0.074842,797614462,218637252,b51092e3e44c477d7db20a4cf1344a5b0f7041c5bce4747cb3453ba5dbd0e053,44136fa355b3678a1146ad16f7e8649e94fb4fc21fe77e8310c060f61caaff8a
table_total,optimize,2,current,ok,45.0,0.07622,797594145,224710005,b51092e3e44c477d7db20a4cf1344a5b0f7041c5bce4747cb3453ba5dbd0e053,44136fa355b3678a1146ad16f7e8649e94fb4fc21fe77e8310c060f61caaff8a
table_total,optimize,2,main,ok,44.0,0.076086,780249053,223025306,b51092e3e44c477d7db20a4cf1344a5b0f7041c5bce4747cb3453ba5dbd0e053,44136fa355b3678a1146ad16f7e8649e94fb4fc21fe77e8310c060f61caaff8a
table_total,optimize,3,main,ok,42.0,0.073667,783258677,215200753,b51092e3e44c477d7db20a4cf1344a5b0f7041c5bce4747cb3453ba5dbd0e053,44136fa355b3678a1146ad16f7e8649e94fb4fc21fe77e8310c060f61caaff8a
table_total,optimize,3,current,ok,43.0,0.074089,797577989,220275515,b51092e3e44c477d7db20a4cf1344a5b0f7041c5bce4747cb3453ba5dbd0e053,44136fa355b3678a1146ad16f7e8649e94fb4fc21fe77e8310c060f61caaff8a
table_total,optimize,4,current,ok,43.0,0.073966,797594035,219682139,b51092e3e44c477d7db20a4cf1344a5b0f7041c5bce4747cb3453ba5dbd0e053,44136fa355b3678a1146ad16f7e8649e94fb4fc21fe77e8310c060f61caaff8a
table_total,optimize,4,main,ok,43.0,0.071777,783241949,215817357,b51092e3e44c477d7db20a4cf1344a5b0f7041c5bce4747cb3453ba5dbd0e053,44136fa355b3678a1146ad16f7e8649e94fb4fc21fe77e8310c060f61caaff8a
table_total,optimize,5,main,ok,44.0,0.07425,781863485,222003303,b51092e3e44c477d7db20a4cf1344a5b0f7041c5bce4747cb3453ba5dbd0e053,44136fa355b3678a1146ad16f7e8649e94fb4fc21fe77e8310c060f61caaff8a
table_total,optimize,5,current,ok,46.0,0.078551,797588851,225823259,b51092e3e44c477d7db20a4cf1344a5b0f7041c5bce4747cb3453ba5dbd0e053,44136fa355b3678a1146ad16f7e8649e94fb4fc21fe77e8310c060f61caaff8a
textdoc_invoice,plain,1,main,ok,1068.0,1.153386,14546756407,4980453053,e661524d116c17b56f6f36ee1f1a44aabbb7b2045267c335f011caf801267069,40ce75d7fed48d647c99d1d0102b667ff491c20b6c90d3c2161f800b41cd3669
textdoc_invoice,plain,1,current,ok,1064.0,1.148712,14482926832,4965854333,e661524d116c17b56f6f36ee1f1a44aabbb7b2045267c335f011caf801267069,40ce75d7fed48d647c99d1d0102b667ff491c20b6c90d3c2161f800b41cd3669
textdoc_invoice,plain,2,current,ok,1012.0,1.098108,14105938115,4736555054,e661524d116c17b56f6f36ee1f1a44aabbb7b2045267c335f011caf801267069,40ce75d7fed48d647c99d1d0102b667ff491c20b6c90d3c2161f800b41cd3669
textdoc_invoice,plain,2,main,ok,1036.0,1.121509,14262945269,4830781900,e661524d116c17b56f6f36ee1f1a44aabbb7b2045267c335f011caf801267069,40ce75d7fed48d647c99d1d0102b667ff491c20b6c90d3c2161f800b41cd3669
textdoc_invoice,plain,3,main,ok,1068.0,1.152179,14535946103,4982105972,e661524d116c17b56f6f36ee1f1a44aabbb7b2045267c335f011caf801267069,40ce75d7fed48d647c99d1d0102b667ff491c20b6c90d3c2161f800b41cd3669
textdoc_invoice,plain,3,current,ok,1058.0,1.15014,14313083880,4928992486,e661524d116c17b56f6f36ee1f1a44aabbb7b2045267c335f011caf801267069,40ce75d7fed48d647c99d1d0102b667ff491c20b6c90d3c2161f800b41cd3669
textdoc_invoice,plain,4,current,ok,1008.0,1.09334,14105663023,4696799759,e661524d116c17b56f6f36ee1f1a44aabbb7b2045267c335f011caf801267069,40ce75d7fed48d647c99d1d0102b667ff491c20b6c90d3c2161f800b41cd3669
textdoc_invoice,plain,4,main,ok,1024.0,1.1072,14186163362,4774373127,e661524d116c17b56f6f36ee1f1a44aabbb7b2045267c335f011caf801267069,40ce75d7fed48d647c99d1d0102b667ff491c20b6c90d3c2161f800b41cd3669
textdoc_invoice,plain,5,main,ok,1049.0,1.131807,14217910639,4882919331,e661524d116c17b56f6f36ee1f1a44aabbb7b2045267c335f011caf801267069,40ce75d7fed48d647c99d1d0102b667ff491c20b6c90d3c2161f800b41cd3669
textdoc_invoice,plain,5,current,ok,1072.0,1.155343,14437940784,4984904825,e661524d116c17b56f6f36ee1f1a44aabbb7b2045267c335f011caf801267069,40ce75d7fed48d647c99d1d0102b667ff491c20b6c90d3c2161f800b41cd3669
textdoc_invoice,optimize,1,main,ok,1004.0,1.087428,13938354389,4694135341,e661524d116c17b56f6f36ee1f1a44aabbb7b2045267c335f011caf801267069,40ce75d7fed48d647c99d1d0102b667ff491c20b6c90d3c2161f800b41cd3669
textdoc_invoice,optimize,1,current,ok,1014.0,1.098438,14101612089,4740680683,e661524d116c17b56f6f36ee1f1a44aabbb7b2045267c335f011caf801267069,40ce75d7fed48d647c99d1d0102b667ff491c20b6c90d3c2161f800b41cd3669
textdoc_invoice,optimize,2,current,ok,1003.0,1.089203,14029595873,4689320684,e661524d116c17b56f6f36ee1f1a44aabbb7b2045267c335f011caf801267069,40ce75d7fed48d647c99d1d0102b667ff491c20b6c90d3c2161f800b41cd3669
textdoc_invoice,optimize,2,main,ok,1024.0,1.110029,14090649817,4769370725,e661524d116c17b56f6f36ee1f1a44aabbb7b2045267c335f011caf801267069,40ce75d7fed48d647c99d1d0102b667ff491c20b6c90d3c2161f800b41cd3669
textdoc_invoice,optimize,3,main,ok,1013.0,1.098013,14039897766,4722273751,e661524d116c17b56f6f36ee1f1a44aabbb7b2045267c335f011caf801267069,40ce75d7fed48d647c99d1d0102b667ff491c20b6c90d3c2161f800b41cd3669
textdoc_invoice,optimize,3,current,ok,995.0,1.08025,14005034282,4658305648,e661524d116c17b56f6f36ee1f1a44aabbb7b2045267c335f011caf801267069,40ce75d7fed48d647c99d1d0102b667ff491c20b6c90d3c2161f800b41cd3669
textdoc_invoice,optimize,4,current,ok,1043.0,1.132812,14458017393,4871729786,e661524d116c17b56f6f36ee1f1a44aabbb7b2045267c335f011caf801267069,40ce75d7fed48d647c99d1d0102b667ff491c20b6c90d3c2161f800b41cd3669
textdoc_invoice,optimize,4,main,ok,1021.0,1.105084,14176305449,4762980766,e661524d116c17b56f6f36ee1f1a44aabbb7b2045267c335f011caf801267069,40ce75d7fed48d647c99d1d0102b667ff491c20b6c90d3c2161f800b41cd3669
textdoc_invoice,optimize,5,main,ok,1042.0,1.125806,13993801878,4856960702,e661524d116c17b56f6f36ee1f1a44aabbb7b2045267c335f011caf801267069,40ce75d7fed48d647c99d1d0102b667ff491c20b6c90d3c2161f800b41cd3669
textdoc_invoice,optimize,5,current,ok,1009.0,1.094939,14132429104,4714747874,e661524d116c17b56f6f36ee1f1a44aabbb7b2045267c335f011caf801267069,40ce75d7fed48d647c99d1d0102b667ff491c20b6c90d3c2161f800b41cd3669
xml_parse,plain,1,main,ok,868.0,1.019909,12807533933,4282423939,567676119163e13db7a5a461538bb7350ac5f869260710d25716bb31096bb74b,44136fa355b3678a1146ad16f7e8649e94fb4fc21fe77e8310c060f61caaff8a
xml_parse,plain,1,current,ok,823.0,0.962933,11950750042,4095000422,567676119163e13db7a5a461538bb7350ac5f869260710d25716bb31096bb74b,44136fa355b3678a1146ad16f7e8649e94fb4fc21fe77e8310c060f61caaff8a
xml_parse,plain,2,current,ok,819.0,0.953851,11950753833,4062143143,567676119163e13db7a5a461538bb7350ac5f869260710d25716bb31096bb74b,44136fa355b3678a1146ad16f7e8649e94fb4fc21fe77e8310c060f61caaff8a
xml_parse,plain,2,main,ok,880.0,1.031675,12807769060,4341733849,567676119163e13db7a5a461538bb7350ac5f869260710d25716bb31096bb74b,44136fa355b3678a1146ad16f7e8649e94fb4fc21fe77e8310c060f61caaff8a
xml_parse,plain,3,main,ok,877.0,1.028984,12807956359,4333059347,567676119163e13db7a5a461538bb7350ac5f869260710d25716bb31096bb74b,44136fa355b3678a1146ad16f7e8649e94fb4fc21fe77e8310c060f61caaff8a
xml_parse,plain,3,current,ok,829.0,0.979088,11950783835,4136127316,567676119163e13db7a5a461538bb7350ac5f869260710d25716bb31096bb74b,44136fa355b3678a1146ad16f7e8649e94fb4fc21fe77e8310c060f61caaff8a
xml_parse,plain,4,current,ok,819.0,0.953441,11950744129,4073730969,567676119163e13db7a5a461538bb7350ac5f869260710d25716bb31096bb74b,44136fa355b3678a1146ad16f7e8649e94fb4fc21fe77e8310c060f61caaff8a
xml_parse,plain,4,main,ok,872.0,1.022259,12810557044,4279219411,567676119163e13db7a5a461538bb7350ac5f869260710d25716bb31096bb74b,44136fa355b3678a1146ad16f7e8649e94fb4fc21fe77e8310c060f61caaff8a
xml_parse,plain,5,main,ok,861.0,1.012706,12808689116,4274378783,567676119163e13db7a5a461538bb7350ac5f869260710d25716bb31096bb74b,44136fa355b3678a1146ad16f7e8649e94fb4fc21fe77e8310c060f61caaff8a
xml_parse,plain,5,current,ok,836.0,0.996158,11950821345,4170740407,567676119163e13db7a5a461538bb7350ac5f869260710d25716bb31096bb74b,44136fa355b3678a1146ad16f7e8649e94fb4fc21fe77e8310c060f61caaff8a
xml_parse,optimize,1,main,ok,822.0,0.96845,12074316657,4039373649,567676119163e13db7a5a461538bb7350ac5f869260710d25716bb31096bb74b,44136fa355b3678a1146ad16f7e8649e94fb4fc21fe77e8310c060f61caaff8a
xml_parse,optimize,1,current,ok,788.0,0.924931,11650388064,3946548960,567676119163e13db7a5a461538bb7350ac5f869260710d25716bb31096bb74b,44136fa355b3678a1146ad16f7e8649e94fb4fc21fe77e8310c060f61caaff8a
xml_parse,optimize,2,current,ok,794.0,0.929903,11650365748,3963278645,567676119163e13db7a5a461538bb7350ac5f869260710d25716bb31096bb74b,44136fa355b3678a1146ad16f7e8649e94fb4fc21fe77e8310c060f61caaff8a
xml_parse,optimize,2,main,ok,830.0,0.978146,12071777693,4071986963,567676119163e13db7a5a461538bb7350ac5f869260710d25716bb31096bb74b,44136fa355b3678a1146ad16f7e8649e94fb4fc21fe77e8310c060f61caaff8a
xml_parse,optimize,3,main,ok,846.0,0.990267,12071841055,4134300312,567676119163e13db7a5a461538bb7350ac5f869260710d25716bb31096bb74b,44136fa355b3678a1146ad16f7e8649e94fb4fc21fe77e8310c060f61caaff8a
xml_parse,optimize,3,current,ok,795.0,0.930252,11650362791,3952826589,567676119163e13db7a5a461538bb7350ac5f869260710d25716bb31096bb74b,44136fa355b3678a1146ad16f7e8649e94fb4fc21fe77e8310c060f61caaff8a
xml_parse,optimize,4,current,ok,794.0,0.929959,11650397356,3959879047,567676119163e13db7a5a461538bb7350ac5f869260710d25716bb31096bb74b,44136fa355b3678a1146ad16f7e8649e94fb4fc21fe77e8310c060f61caaff8a
xml_parse,optimize,4,main,ok,819.0,0.964296,12079216472,4036252110,567676119163e13db7a5a461538bb7350ac5f869260710d25716bb31096bb74b,44136fa355b3678a1146ad16f7e8649e94fb4fc21fe77e8310c060f61caaff8a
xml_parse,optimize,5,main,ok,826.0,0.969631,12077408359,4033146359,567676119163e13db7a5a461538bb7350ac5f869260710d25716bb31096bb74b,44136fa355b3678a1146ad16f7e8649e94fb4fc21fe77e8310c060f61caaff8a
xml_parse,optimize,5,current,ok,852.0,0.99685,11650381074,4265034861,567676119163e13db7a5a461538bb7350ac5f869260710d25716bb31096bb74b,44136fa355b3678a1146ad16f7e8649e94fb4fc21fe77e8310c060f61caaff8a
xml_write,plain,1,main,ok,339.0,0.373105,4598375810,1438334029,b4c8347f3b433b30a596a65720a116a83cb03510d8231ae5d7926e3a29782fa1,44136fa355b3678a1146ad16f7e8649e94fb4fc21fe77e8310c060f61caaff8a
xml_write,plain,1,current,ok,291.0,0.326106,3894491588,1223040389,b4c8347f3b433b30a596a65720a116a83cb03510d8231ae5d7926e3a29782fa1,44136fa355b3678a1146ad16f7e8649e94fb4fc21fe77e8310c060f61caaff8a
xml_write,plain,2,current,ok,296.0,0.330186,3893742770,1238521447,b4c8347f3b433b30a596a65720a116a83cb03510d8231ae5d7926e3a29782fa1,44136fa355b3678a1146ad16f7e8649e94fb4fc21fe77e8310c060f61caaff8a
xml_write,plain,2,main,ok,348.0,0.381202,4599702353,1464286935,b4c8347f3b433b30a596a65720a116a83cb03510d8231ae5d7926e3a29782fa1,44136fa355b3678a1146ad16f7e8649e94fb4fc21fe77e8310c060f61caaff8a
xml_write,plain,3,main,ok,343.0,0.377384,4598837135,1455655265,b4c8347f3b433b30a596a65720a116a83cb03510d8231ae5d7926e3a29782fa1,44136fa355b3678a1146ad16f7e8649e94fb4fc21fe77e8310c060f61caaff8a
xml_write,plain,3,current,ok,287.0,0.320878,3894418131,1210268417,b4c8347f3b433b30a596a65720a116a83cb03510d8231ae5d7926e3a29782fa1,44136fa355b3678a1146ad16f7e8649e94fb4fc21fe77e8310c060f61caaff8a
xml_write,plain,4,current,ok,295.0,0.329668,3894413545,1229842309,b4c8347f3b433b30a596a65720a116a83cb03510d8231ae5d7926e3a29782fa1,44136fa355b3678a1146ad16f7e8649e94fb4fc21fe77e8310c060f61caaff8a
xml_write,plain,4,main,ok,342.0,0.376047,4599899818,1441381023,b4c8347f3b433b30a596a65720a116a83cb03510d8231ae5d7926e3a29782fa1,44136fa355b3678a1146ad16f7e8649e94fb4fc21fe77e8310c060f61caaff8a
xml_write,plain,5,main,ok,348.0,0.38504,4600088294,1479370692,b4c8347f3b433b30a596a65720a116a83cb03510d8231ae5d7926e3a29782fa1,44136fa355b3678a1146ad16f7e8649e94fb4fc21fe77e8310c060f61caaff8a
xml_write,plain,5,current,ok,284.0,0.318086,3895107872,1200972515,b4c8347f3b433b30a596a65720a116a83cb03510d8231ae5d7926e3a29782fa1,44136fa355b3678a1146ad16f7e8649e94fb4fc21fe77e8310c060f61caaff8a
xml_write,optimize,1,main,ok,322.0,0.355384,4348055253,1338210209,b4c8347f3b433b30a596a65720a116a83cb03510d8231ae5d7926e3a29782fa1,44136fa355b3678a1146ad16f7e8649e94fb4fc21fe77e8310c060f61caaff8a
xml_write,optimize,1,current,ok,292.0,0.325876,3893104347,1221082884,b4c8347f3b433b30a596a65720a116a83cb03510d8231ae5d7926e3a29782fa1,44136fa355b3678a1146ad16f7e8649e94fb4fc21fe77e8310c060f61caaff8a
xml_write,optimize,2,current,ok,301.0,0.35177,3893778161,1262335550,b4c8347f3b433b30a596a65720a116a83cb03510d8231ae5d7926e3a29782fa1,44136fa355b3678a1146ad16f7e8649e94fb4fc21fe77e8310c060f61caaff8a
xml_write,optimize,2,main,ok,318.0,0.352043,4349202303,1342827006,b4c8347f3b433b30a596a65720a116a83cb03510d8231ae5d7926e3a29782fa1,44136fa355b3678a1146ad16f7e8649e94fb4fc21fe77e8310c060f61caaff8a
xml_write,optimize,3,main,ok,320.0,0.352155,4351126803,1352748852,b4c8347f3b433b30a596a65720a116a83cb03510d8231ae5d7926e3a29782fa1,44136fa355b3678a1146ad16f7e8649e94fb4fc21fe77e8310c060f61caaff8a
xml_write,optimize,3,current,ok,290.0,0.324671,3892606624,1225176206,b4c8347f3b433b30a596a65720a116a83cb03510d8231ae5d7926e3a29782fa1,44136fa355b3678a1146ad16f7e8649e94fb4fc21fe77e8310c060f61caaff8a
xml_write,optimize,4,current,ok,291.0,0.324834,3892453323,1226509510,b4c8347f3b433b30a596a65720a116a83cb03510d8231ae5d7926e3a29782fa1,44136fa355b3678a1146ad16f7e8649e94fb4fc21fe77e8310c060f61caaff8a
xml_write,optimize,4,main,ok,318.0,0.352208,4348953551,1341130828,b4c8347f3b433b30a596a65720a116a83cb03510d8231ae5d7926e3a29782fa1,44136fa355b3678a1146ad16f7e8649e94fb4fc21fe77e8310c060f61caaff8a
xml_write,optimize,5,main,ok,316.0,0.347981,4348870550,1342985891,b4c8347f3b433b30a596a65720a116a83cb03510d8231ae5d7926e3a29782fa1,44136fa355b3678a1146ad16f7e8649e94fb4fc21fe77e8310c060f61caaff8a
xml_write,optimize,5,current,ok,288.0,0.321484,3892435101,1212277580,b4c8347f3b433b30a596a65720a116a83cb03510d8231ae5d7926e3a29782fa1,44136fa355b3678a1146ad16f7e8649e94fb4fc21fe77e8310c060f61caaff8a
zip_read,plain,1,main,ok,18.0,0.075474,253828689,108802999,a0f47fe244379a5f93475a17011b2afbf8aea9f989a89c56970ae92af0ca9edc,85ea5c99ddb00e9c75fcb64a872797dbcabfec9c6fdcf01241ca8869879e6531
zip_read,plain,1,current,ok,20.0,0.059993,260974811,112582591,a0f47fe244379a5f93475a17011b2afbf8aea9f989a89c56970ae92af0ca9edc,85ea5c99ddb00e9c75fcb64a872797dbcabfec9c6fdcf01241ca8869879e6531
zip_read,plain,2,current,ok,18.0,0.056716,260966422,110725938,a0f47fe244379a5f93475a17011b2afbf8aea9f989a89c56970ae92af0ca9edc,85ea5c99ddb00e9c75fcb64a872797dbcabfec9c6fdcf01241ca8869879e6531
zip_read,plain,2,main,ok,19.0,0.058603,253848450,110600048,a0f47fe244379a5f93475a17011b2afbf8aea9f989a89c56970ae92af0ca9edc,85ea5c99ddb00e9c75fcb64a872797dbcabfec9c6fdcf01241ca8869879e6531
zip_read,plain,3,main,ok,20.0,0.060798,253828301,123048967,a0f47fe244379a5f93475a17011b2afbf8aea9f989a89c56970ae92af0ca9edc,85ea5c99ddb00e9c75fcb64a872797dbcabfec9c6fdcf01241ca8869879e6531
zip_read,plain,3,current,ok,18.0,0.058813,260964903,118863552,a0f47fe244379a5f93475a17011b2afbf8aea9f989a89c56970ae92af0ca9edc,85ea5c99ddb00e9c75fcb64a872797dbcabfec9c6fdcf01241ca8869879e6531
zip_read,plain,4,current,ok,18.0,0.057625,260979182,111585548,a0f47fe244379a5f93475a17011b2afbf8aea9f989a89c56970ae92af0ca9edc,85ea5c99ddb00e9c75fcb64a872797dbcabfec9c6fdcf01241ca8869879e6531
zip_read,plain,4,main,ok,18.0,0.057173,253832858,109543610,a0f47fe244379a5f93475a17011b2afbf8aea9f989a89c56970ae92af0ca9edc,85ea5c99ddb00e9c75fcb64a872797dbcabfec9c6fdcf01241ca8869879e6531
zip_read,plain,5,main,ok,18.0,0.058136,253824427,112121823,a0f47fe244379a5f93475a17011b2afbf8aea9f989a89c56970ae92af0ca9edc,85ea5c99ddb00e9c75fcb64a872797dbcabfec9c6fdcf01241ca8869879e6531
zip_read,plain,5,current,ok,18.0,0.05658,260954652,111125380,a0f47fe244379a5f93475a17011b2afbf8aea9f989a89c56970ae92af0ca9edc,85ea5c99ddb00e9c75fcb64a872797dbcabfec9c6fdcf01241ca8869879e6531
zip_read,optimize,1,main,ok,19.0,0.05715,254188668,110436722,a0f47fe244379a5f93475a17011b2afbf8aea9f989a89c56970ae92af0ca9edc,85ea5c99ddb00e9c75fcb64a872797dbcabfec9c6fdcf01241ca8869879e6531
zip_read,optimize,1,current,ok,18.0,0.056879,261280213,111866141,a0f47fe244379a5f93475a17011b2afbf8aea9f989a89c56970ae92af0ca9edc,85ea5c99ddb00e9c75fcb64a872797dbcabfec9c6fdcf01241ca8869879e6531
zip_read,optimize,2,current,ok,19.0,0.057945,261277632,116561777,a0f47fe244379a5f93475a17011b2afbf8aea9f989a89c56970ae92af0ca9edc,85ea5c99ddb00e9c75fcb64a872797dbcabfec9c6fdcf01241ca8869879e6531
zip_read,optimize,2,main,ok,18.0,0.056457,254196060,108687675,a0f47fe244379a5f93475a17011b2afbf8aea9f989a89c56970ae92af0ca9edc,85ea5c99ddb00e9c75fcb64a872797dbcabfec9c6fdcf01241ca8869879e6531
zip_read,optimize,3,main,ok,18.0,0.05537,254195293,108760201,a0f47fe244379a5f93475a17011b2afbf8aea9f989a89c56970ae92af0ca9edc,85ea5c99ddb00e9c75fcb64a872797dbcabfec9c6fdcf01241ca8869879e6531
zip_read,optimize,3,current,ok,19.0,0.058313,261279685,112450086,a0f47fe244379a5f93475a17011b2afbf8aea9f989a89c56970ae92af0ca9edc,85ea5c99ddb00e9c75fcb64a872797dbcabfec9c6fdcf01241ca8869879e6531
zip_read,optimize,4,current,ok,20.0,0.058408,261290038,113957026,a0f47fe244379a5f93475a17011b2afbf8aea9f989a89c56970ae92af0ca9edc,85ea5c99ddb00e9c75fcb64a872797dbcabfec9c6fdcf01241ca8869879e6531
zip_read,optimize,4,main,ok,20.0,0.057803,254191407,113041135,a0f47fe244379a5f93475a17011b2afbf8aea9f989a89c56970ae92af0ca9edc,85ea5c99ddb00e9c75fcb64a872797dbcabfec9c6fdcf01241ca8869879e6531
zip_read,optimize,5,main,ok,19.0,0.056673,254195785,110080459,a0f47fe244379a5f93475a17011b2afbf8aea9f989a89c56970ae92af0ca9edc,85ea5c99ddb00e9c75fcb64a872797dbcabfec9c6fdcf01241ca8869879e6531
zip_read,optimize,5,current,ok,18.0,0.05711,261269638,111178297,a0f47fe244379a5f93475a17011b2afbf8aea9f989a89c56970ae92af0ca9edc,85ea5c99ddb00e9c75fcb64a872797dbcabfec9c6fdcf01241ca8869879e6531
zip_write,plain,1,main,ok,44.0,0.076697,457965882,208179566,a0f47fe244379a5f93475a17011b2afbf8aea9f989a89c56970ae92af0ca9edc,f645ed28a3fe476aa22b678be75d758473dd217548ac663c8c1824df35f96bd2
zip_write,plain,1,current,ok,47.0,0.079828,465130383,216001048,a0f47fe244379a5f93475a17011b2afbf8aea9f989a89c56970ae92af0ca9edc,f645ed28a3fe476aa22b678be75d758473dd217548ac663c8c1824df35f96bd2
zip_write,plain,2,current,ok,46.0,0.078395,465143197,213475377,a0f47fe244379a5f93475a17011b2afbf8aea9f989a89c56970ae92af0ca9edc,f645ed28a3fe476aa22b678be75d758473dd217548ac663c8c1824df35f96bd2
zip_write,plain,2,main,ok,45.0,0.079176,457962447,210008086,a0f47fe244379a5f93475a17011b2afbf8aea9f989a89c56970ae92af0ca9edc,f645ed28a3fe476aa22b678be75d758473dd217548ac663c8c1824df35f96bd2
zip_write,plain,3,main,ok,46.0,0.079329,457971013,212409894,a0f47fe244379a5f93475a17011b2afbf8aea9f989a89c56970ae92af0ca9edc,f645ed28a3fe476aa22b678be75d758473dd217548ac663c8c1824df35f96bd2
zip_write,plain,3,current,ok,45.0,0.076883,465141459,214679252,a0f47fe244379a5f93475a17011b2afbf8aea9f989a89c56970ae92af0ca9edc,f645ed28a3fe476aa22b678be75d758473dd217548ac663c8c1824df35f96bd2
zip_write,plain,4,current,ok,45.0,0.076562,465148355,213591568,a0f47fe244379a5f93475a17011b2afbf8aea9f989a89c56970ae92af0ca9edc,f645ed28a3fe476aa22b678be75d758473dd217548ac663c8c1824df35f96bd2
zip_write,plain,4,main,ok,45.0,0.076007,457972096,209662496,a0f47fe244379a5f93475a17011b2afbf8aea9f989a89c56970ae92af0ca9edc,f645ed28a3fe476aa22b678be75d758473dd217548ac663c8c1824df35f96bd2
zip_write,plain,5,main,ok,45.0,0.075983,457997089,208568624,a0f47fe244379a5f93475a17011b2afbf8aea9f989a89c56970ae92af0ca9edc,f645ed28a3fe476aa22b678be75d758473dd217548ac663c8c1824df35f96bd2
zip_write,plain,5,current,ok,45.0,0.078349,465118169,212237848,a0f47fe244379a5f93475a17011b2afbf8aea9f989a89c56970ae92af0ca9edc,f645ed28a3fe476aa22b678be75d758473dd217548ac663c8c1824df35f96bd2
zip_write,optimize,1,main,ok,44.0,0.076456,458436660,208537250,a0f47fe244379a5f93475a17011b2afbf8aea9f989a89c56970ae92af0ca9edc,f645ed28a3fe476aa22b678be75d758473dd217548ac663c8c1824df35f96bd2
zip_write,optimize,1,current,ok,45.0,0.077698,465603435,212236430,a0f47fe244379a5f93475a17011b2afbf8aea9f989a89c56970ae92af0ca9edc,f645ed28a3fe476aa22b678be75d758473dd217548ac663c8c1824df35f96bd2
zip_write,optimize,2,current,ok,44.0,0.078821,465613427,212020667,a0f47fe244379a5f93475a17011b2afbf8aea9f989a89c56970ae92af0ca9edc,f645ed28a3fe476aa22b678be75d758473dd217548ac663c8c1824df35f96bd2
zip_write,optimize,2,main,ok,44.0,0.077437,458442281,210300428,a0f47fe244379a5f93475a17011b2afbf8aea9f989a89c56970ae92af0ca9edc,f645ed28a3fe476aa22b678be75d758473dd217548ac663c8c1824df35f96bd2
zip_write,optimize,3,main,ok,44.0,0.077161,458420168,208341406,a0f47fe244379a5f93475a17011b2afbf8aea9f989a89c56970ae92af0ca9edc,f645ed28a3fe476aa22b678be75d758473dd217548ac663c8c1824df35f96bd2
zip_write,optimize,3,current,ok,46.0,0.079031,465612623,215731998,a0f47fe244379a5f93475a17011b2afbf8aea9f989a89c56970ae92af0ca9edc,f645ed28a3fe476aa22b678be75d758473dd217548ac663c8c1824df35f96bd2
zip_write,optimize,4,current,ok,44.0,0.076685,465627160,212363747,a0f47fe244379a5f93475a17011b2afbf8aea9f989a89c56970ae92af0ca9edc,f645ed28a3fe476aa22b678be75d758473dd217548ac663c8c1824df35f96bd2
zip_write,optimize,4,main,ok,44.0,0.07734,458430934,213691134,a0f47fe244379a5f93475a17011b2afbf8aea9f989a89c56970ae92af0ca9edc,f645ed28a3fe476aa22b678be75d758473dd217548ac663c8c1824df35f96bd2
zip_write,optimize,5,main,ok,50.0,0.082432,458428207,209092912,a0f47fe244379a5f93475a17011b2afbf8aea9f989a89c56970ae92af0ca9edc,f645ed28a3fe476aa22b678be75d758473dd217548ac663c8c1824df35f96bd2
zip_write,optimize,5,current,ok,46.0,0.078508,465619568,216491864,a0f47fe244379a5f93475a17011b2afbf8aea9f989a89c56970ae92af0ca9edc,f645ed28a3fe476aa22b678be75d758473dd217548ac663c8c1824df35f96bd2
background_jobs,plain,1,main,ok,5947.0,6.043177,367940922635,156991448099,85499dcb56d6254f6e8df0016a3e8fb3aaf0ff3c0a57d2c3e530156354b41e8e,44136fa355b3678a1146ad16f7e8649e94fb4fc21fe77e8310c060f61caaff8a
background_jobs,plain,1,current,ok,6696.0,6.777853,395316474443,175273635202,85499dcb56d6254f6e8df0016a3e8fb3aaf0ff3c0a57d2c3e530156354b41e8e,44136fa355b3678a1146ad16f7e8649e94fb4fc21fe77e8310c060f61caaff8a
background_jobs,plain,2,current,ok,6756.0,6.838204,395355218107,176609039521,85499dcb56d6254f6e8df0016a3e8fb3aaf0ff3c0a57d2c3e530156354b41e8e,44136fa355b3678a1146ad16f7e8649e94fb4fc21fe77e8310c060f61caaff8a
background_jobs,plain,2,main,ok,5815.0,5.896865,367932365139,157706890557,85499dcb56d6254f6e8df0016a3e8fb3aaf0ff3c0a57d2c3e530156354b41e8e,44136fa355b3678a1146ad16f7e8649e94fb4fc21fe77e8310c060f61caaff8a
background_jobs,plain,3,main,ok,5795.0,5.870678,367950198774,157030486468,85499dcb56d6254f6e8df0016a3e8fb3aaf0ff3c0a57d2c3e530156354b41e8e,44136fa355b3678a1146ad16f7e8649e94fb4fc21fe77e8310c060f61caaff8a
background_jobs,plain,3,current,ok,6985.0,7.06727,395313560925,178476867526,85499dcb56d6254f6e8df0016a3e8fb3aaf0ff3c0a57d2c3e530156354b41e8e,44136fa355b3678a1146ad16f7e8649e94fb4fc21fe77e8310c060f61caaff8a
background_jobs,optimize,1,main,ok,4916.0,4.999051,310271009731,132756019940,85499dcb56d6254f6e8df0016a3e8fb3aaf0ff3c0a57d2c3e530156354b41e8e,44136fa355b3678a1146ad16f7e8649e94fb4fc21fe77e8310c060f61caaff8a
background_jobs,optimize,1,current,ok,5373.0,5.456103,330884327347,144137159479,85499dcb56d6254f6e8df0016a3e8fb3aaf0ff3c0a57d2c3e530156354b41e8e,44136fa355b3678a1146ad16f7e8649e94fb4fc21fe77e8310c060f61caaff8a
background_jobs,optimize,2,current,ok,5339.0,5.421257,330885950054,143784878246,85499dcb56d6254f6e8df0016a3e8fb3aaf0ff3c0a57d2c3e530156354b41e8e,44136fa355b3678a1146ad16f7e8649e94fb4fc21fe77e8310c060f61caaff8a
background_jobs,optimize,2,main,ok,4942.0,5.028292,310246588982,131922028038,85499dcb56d6254f6e8df0016a3e8fb3aaf0ff3c0a57d2c3e530156354b41e8e,44136fa355b3678a1146ad16f7e8649e94fb4fc21fe77e8310c060f61caaff8a
background_jobs,optimize,3,main,ok,4933.0,5.015098,310263912999,132695070311,85499dcb56d6254f6e8df0016a3e8fb3aaf0ff3c0a57d2c3e530156354b41e8e,44136fa355b3678a1146ad16f7e8649e94fb4fc21fe77e8310c060f61caaff8a
background_jobs,optimize,3,current,ok,5361.0,5.442308,330887286472,143026730168,85499dcb56d6254f6e8df0016a3e8fb3aaf0ff3c0a57d2c3e530156354b41e8e,44136fa355b3678a1146ad16f7e8649e94fb4fc21fe77e8310c060f61caaff8a
cbr_rates,plain,1,main,ok,805.0,0.883731,1392562971,444614348,66d9c3a94f0db7a8a5570f07b88008f146ef417582b752321328e33e197fa9c1,44136fa355b3678a1146ad16f7e8649e94fb4fc21fe77e8310c060f61caaff8a
cbr_rates,plain,1,current,ok,606.0,0.684368,1400769817,449303556,66d9c3a94f0db7a8a5570f07b88008f146ef417582b752321328e33e197fa9c1,44136fa355b3678a1146ad16f7e8649e94fb4fc21fe77e8310c060f61caaff8a
cbr_rates,plain,2,current,ok,291.0,0.369596,1397643199,445123742,66d9c3a94f0db7a8a5570f07b88008f146ef417582b752321328e33e197fa9c1,44136fa355b3678a1146ad16f7e8649e94fb4fc21fe77e8310c060f61caaff8a
cbr_rates,plain,2,main,ok,321.0,0.398932,1389833703,446488880,66d9c3a94f0db7a8a5570f07b88008f146ef417582b752321328e33e197fa9c1,44136fa355b3678a1146ad16f7e8649e94fb4fc21fe77e8310c060f61caaff8a
cbr_rates,plain,3,main,ok,310.0,0.387089,1391621702,442425417,66d9c3a94f0db7a8a5570f07b88008f146ef417582b752321328e33e197fa9c1,44136fa355b3678a1146ad16f7e8649e94fb4fc21fe77e8310c060f61caaff8a
cbr_rates,plain,3,current,ok,335.0,0.414413,1398911399,445940855,66d9c3a94f0db7a8a5570f07b88008f146ef417582b752321328e33e197fa9c1,44136fa355b3678a1146ad16f7e8649e94fb4fc21fe77e8310c060f61caaff8a
cbr_rates,plain,4,current,ok,312.0,0.390205,1398690048,443257421,66d9c3a94f0db7a8a5570f07b88008f146ef417582b752321328e33e197fa9c1,44136fa355b3678a1146ad16f7e8649e94fb4fc21fe77e8310c060f61caaff8a
cbr_rates,plain,4,main,ok,313.0,0.391775,1390397921,441933267,66d9c3a94f0db7a8a5570f07b88008f146ef417582b752321328e33e197fa9c1,44136fa355b3678a1146ad16f7e8649e94fb4fc21fe77e8310c060f61caaff8a
cbr_rates,plain,5,main,ok,302.0,0.381361,1386897739,450563204,66d9c3a94f0db7a8a5570f07b88008f146ef417582b752321328e33e197fa9c1,44136fa355b3678a1146ad16f7e8649e94fb4fc21fe77e8310c060f61caaff8a
cbr_rates,plain,5,current,ok,330.0,0.412051,1399738325,452875502,66d9c3a94f0db7a8a5570f07b88008f146ef417582b752321328e33e197fa9c1,44136fa355b3678a1146ad16f7e8649e94fb4fc21fe77e8310c060f61caaff8a
cbr_rates,optimize,1,main,ok,1623.0,1.706929,1426102241,466876739,66d9c3a94f0db7a8a5570f07b88008f146ef417582b752321328e33e197fa9c1,44136fa355b3678a1146ad16f7e8649e94fb4fc21fe77e8310c060f61caaff8a
cbr_rates,optimize,1,current,ok,1953.0,2.03443,1433880052,467147655,66d9c3a94f0db7a8a5570f07b88008f146ef417582b752321328e33e197fa9c1,44136fa355b3678a1146ad16f7e8649e94fb4fc21fe77e8310c060f61caaff8a
cbr_rates,optimize,2,current,ok,1909.0,1.991743,1433365135,465146171,66d9c3a94f0db7a8a5570f07b88008f146ef417582b752321328e33e197fa9c1,44136fa355b3678a1146ad16f7e8649e94fb4fc21fe77e8310c060f61caaff8a
cbr_rates,optimize,2,main,ok,1887.0,1.968184,1425346212,463673901,66d9c3a94f0db7a8a5570f07b88008f146ef417582b752321328e33e197fa9c1,44136fa355b3678a1146ad16f7e8649e94fb4fc21fe77e8310c060f61caaff8a
cbr_rates,optimize,3,main,ok,1920.0,2.001514,1424967413,458277112,66d9c3a94f0db7a8a5570f07b88008f146ef417582b752321328e33e197fa9c1,44136fa355b3678a1146ad16f7e8649e94fb4fc21fe77e8310c060f61caaff8a
cbr_rates,optimize,3,current,ok,1913.0,1.996872,1437626845,465858838,66d9c3a94f0db7a8a5570f07b88008f146ef417582b752321328e33e197fa9c1,44136fa355b3678a1146ad16f7e8649e94fb4fc21fe77e8310c060f61caaff8a
cbr_rates,optimize,4,current,ok,2000.0,2.082041,1432501886,467328348,66d9c3a94f0db7a8a5570f07b88008f146ef417582b752321328e33e197fa9c1,44136fa355b3678a1146ad16f7e8649e94fb4fc21fe77e8310c060f61caaff8a
cbr_rates,optimize,4,main,ok,1832.0,1.915138,1425128388,465480156,66d9c3a94f0db7a8a5570f07b88008f146ef417582b752321328e33e197fa9c1,44136fa355b3678a1146ad16f7e8649e94fb4fc21fe77e8310c060f61caaff8a
cbr_rates,optimize,5,main,ok,1978.0,2.061329,1427730810,463492398,66d9c3a94f0db7a8a5570f07b88008f146ef417582b752321328e33e197fa9c1,44136fa355b3678a1146ad16f7e8649e94fb4fc21fe77e8310c060f61caaff8a
cbr_rates,optimize,5,current,ok,1856.0,1.939125,1436882140,465079070,66d9c3a94f0db7a8a5570f07b88008f146ef417582b752321328e33e197fa9c1,44136fa355b3678a1146ad16f7e8649e94fb4fc21fe77e8310c060f61caaff8a
