scenario,mode,pair,side,status,elapsed_ms,wall_seconds,instructions,cycles,control_sha256,files_sha256
background_jobs,plain,1,main,ok,5799.0,5.911119,367941662588,156165423367,85499dcb56d6254f6e8df0016a3e8fb3aaf0ff3c0a57d2c3e530156354b41e8e,44136fa355b3678a1146ad16f7e8649e94fb4fc21fe77e8310c060f61caaff8a
background_jobs,plain,1,current,ok,7091.0,7.1862,395314751085,183933790816,85499dcb56d6254f6e8df0016a3e8fb3aaf0ff3c0a57d2c3e530156354b41e8e,44136fa355b3678a1146ad16f7e8649e94fb4fc21fe77e8310c060f61caaff8a
background_jobs,plain,2,current,ok,6973.0,7.069762,395324414523,179521016357,85499dcb56d6254f6e8df0016a3e8fb3aaf0ff3c0a57d2c3e530156354b41e8e,44136fa355b3678a1146ad16f7e8649e94fb4fc21fe77e8310c060f61caaff8a
background_jobs,plain,2,main,ok,5852.0,5.942075,367947213150,155955511333,85499dcb56d6254f6e8df0016a3e8fb3aaf0ff3c0a57d2c3e530156354b41e8e,44136fa355b3678a1146ad16f7e8649e94fb4fc21fe77e8310c060f61caaff8a
background_jobs,plain,3,main,ok,5946.0,6.035771,367941136795,156188530393,85499dcb56d6254f6e8df0016a3e8fb3aaf0ff3c0a57d2c3e530156354b41e8e,44136fa355b3678a1146ad16f7e8649e94fb4fc21fe77e8310c060f61caaff8a
background_jobs,plain,3,current,ok,6919.0,7.010993,395318431913,180712457159,85499dcb56d6254f6e8df0016a3e8fb3aaf0ff3c0a57d2c3e530156354b41e8e,44136fa355b3678a1146ad16f7e8649e94fb4fc21fe77e8310c060f61caaff8a
background_jobs,optimize,1,main,ok,5000.0,5.094072,310246604264,132336124376,85499dcb56d6254f6e8df0016a3e8fb3aaf0ff3c0a57d2c3e530156354b41e8e,44136fa355b3678a1146ad16f7e8649e94fb4fc21fe77e8310c060f61caaff8a
background_jobs,optimize,1,current,ok,5778.0,5.863618,330915070504,152277422313,85499dcb56d6254f6e8df0016a3e8fb3aaf0ff3c0a57d2c3e530156354b41e8e,44136fa355b3678a1146ad16f7e8649e94fb4fc21fe77e8310c060f61caaff8a
background_jobs,optimize,2,current,ok,5748.0,5.833447,330879120811,151712977489,85499dcb56d6254f6e8df0016a3e8fb3aaf0ff3c0a57d2c3e530156354b41e8e,44136fa355b3678a1146ad16f7e8649e94fb4fc21fe77e8310c060f61caaff8a
background_jobs,optimize,2,main,ok,4905.0,4.990871,310253554818,131673569286,85499dcb56d6254f6e8df0016a3e8fb3aaf0ff3c0a57d2c3e530156354b41e8e,44136fa355b3678a1146ad16f7e8649e94fb4fc21fe77e8310c060f61caaff8a
background_jobs,optimize,3,main,ok,4884.0,4.971793,310266661702,131486940844,85499dcb56d6254f6e8df0016a3e8fb3aaf0ff3c0a57d2c3e530156354b41e8e,44136fa355b3678a1146ad16f7e8649e94fb4fc21fe77e8310c060f61caaff8a
background_jobs,optimize,3,current,ok,5974.0,6.065029,330876191989,155064736855,85499dcb56d6254f6e8df0016a3e8fb3aaf0ff3c0a57d2c3e530156354b41e8e,44136fa355b3678a1146ad16f7e8649e94fb4fc21fe77e8310c060f61caaff8a
bmp_rotate,plain,1,main,ok,200.0,0.281171,3647356173,1151653893,7b0ca3eb4892d5e96a8a21857fc3941580c2aee54f5610d37f12b68ad5b71564,44136fa355b3678a1146ad16f7e8649e94fb4fc21fe77e8310c060f61caaff8a
bmp_rotate,plain,1,current,ok,226.0,0.317123,3671633509,1303590386,7b0ca3eb4892d5e96a8a21857fc3941580c2aee54f5610d37f12b68ad5b71564,44136fa355b3678a1146ad16f7e8649e94fb4fc21fe77e8310c060f61caaff8a
bmp_rotate,plain,2,current,ok,218.0,0.306697,3671611663,1236470678,7b0ca3eb4892d5e96a8a21857fc3941580c2aee54f5610d37f12b68ad5b71564,44136fa355b3678a1146ad16f7e8649e94fb4fc21fe77e8310c060f61caaff8a
bmp_rotate,plain,2,main,ok,198.0,0.280225,3647362905,1114354131,7b0ca3eb4892d5e96a8a21857fc3941580c2aee54f5610d37f12b68ad5b71564,44136fa355b3678a1146ad16f7e8649e94fb4fc21fe77e8310c060f61caaff8a
bmp_rotate,plain,3,main,ok,197.0,0.277031,3647373339,1107677585,7b0ca3eb4892d5e96a8a21857fc3941580c2aee54f5610d37f12b68ad5b71564,44136fa355b3678a1146ad16f7e8649e94fb4fc21fe77e8310c060f61caaff8a
bmp_rotate,plain,3,current,ok,219.0,0.305476,3671629475,1223899806,7b0ca3eb4892d5e96a8a21857fc3941580c2aee54f5610d37f12b68ad5b71564,44136fa355b3678a1146ad16f7e8649e94fb4fc21fe77e8310c060f61caaff8a
bmp_rotate,plain,4,current,ok,215.0,0.30154,3671634855,1217579602,7b0ca3eb4892d5e96a8a21857fc3941580c2aee54f5610d37f12b68ad5b71564,44136fa355b3678a1146ad16f7e8649e94fb4fc21fe77e8310c060f61caaff8a
bmp_rotate,plain,4,main,ok,205.0,0.286126,3647351618,1143104129,7b0ca3eb4892d5e96a8a21857fc3941580c2aee54f5610d37f12b68ad5b71564,44136fa355b3678a1146ad16f7e8649e94fb4fc21fe77e8310c060f61caaff8a
bmp_rotate,plain,5,main,ok,207.0,0.29115,3647366806,1172164041,7b0ca3eb4892d5e96a8a21857fc3941580c2aee54f5610d37f12b68ad5b71564,44136fa355b3678a1146ad16f7e8649e94fb4fc21fe77e8310c060f61caaff8a
bmp_rotate,plain,5,current,ok,209.0,0.293591,3671627647,1201181443,7b0ca3eb4892d5e96a8a21857fc3941580c2aee54f5610d37f12b68ad5b71564,44136fa355b3678a1146ad16f7e8649e94fb4fc21fe77e8310c060f61caaff8a
bmp_rotate,optimize,1,main,ok,178.0,0.255608,3296969295,1028441805,7b0ca3eb4892d5e96a8a21857fc3941580c2aee54f5610d37f12b68ad5b71564,44136fa355b3678a1146ad16f7e8649e94fb4fc21fe77e8310c060f61caaff8a
bmp_rotate,optimize,1,current,ok,186.0,0.264493,3339154028,1072196393,7b0ca3eb4892d5e96a8a21857fc3941580c2aee54f5610d37f12b68ad5b71564,44136fa355b3678a1146ad16f7e8649e94fb4fc21fe77e8310c060f61caaff8a
bmp_rotate,optimize,2,current,ok,177.0,0.254882,3339162404,1022565244,7b0ca3eb4892d5e96a8a21857fc3941580c2aee54f5610d37f12b68ad5b71564,44136fa355b3678a1146ad16f7e8649e94fb4fc21fe77e8310c060f61caaff8a
bmp_rotate,optimize,2,main,ok,178.0,0.253221,3296975784,1006758513,7b0ca3eb4892d5e96a8a21857fc3941580c2aee54f5610d37f12b68ad5b71564,44136fa355b3678a1146ad16f7e8649e94fb4fc21fe77e8310c060f61caaff8a
bmp_rotate,optimize,3,main,ok,177.0,0.252753,3296973464,1009324404,7b0ca3eb4892d5e96a8a21857fc3941580c2aee54f5610d37f12b68ad5b71564,44136fa355b3678a1146ad16f7e8649e94fb4fc21fe77e8310c060f61caaff8a
bmp_rotate,optimize,3,current,ok,181.0,0.258659,3339168468,1032183739,7b0ca3eb4892d5e96a8a21857fc3941580c2aee54f5610d37f12b68ad5b71564,44136fa355b3678a1146ad16f7e8649e94fb4fc21fe77e8310c060f61caaff8a
bmp_rotate,optimize,4,current,ok,177.0,0.253498,3339170264,1023694498,7b0ca3eb4892d5e96a8a21857fc3941580c2aee54f5610d37f12b68ad5b71564,44136fa355b3678a1146ad16f7e8649e94fb4fc21fe77e8310c060f61caaff8a
bmp_rotate,optimize,4,main,ok,174.0,0.247962,3296973176,1013584852,7b0ca3eb4892d5e96a8a21857fc3941580c2aee54f5610d37f12b68ad5b71564,44136fa355b3678a1146ad16f7e8649e94fb4fc21fe77e8310c060f61caaff8a
bmp_rotate,optimize,5,main,ok,176.0,0.252158,3296992495,1014182861,7b0ca3eb4892d5e96a8a21857fc3941580c2aee54f5610d37f12b68ad5b71564,44136fa355b3678a1146ad16f7e8649e94fb4fc21fe77e8310c060f61caaff8a
bmp_rotate,optimize,5,current,ok,176.0,0.253846,3339169273,1023477016,7b0ca3eb4892d5e96a8a21857fc3941580c2aee54f5610d37f12b68ad5b71564,44136fa355b3678a1146ad16f7e8649e94fb4fc21fe77e8310c060f61caaff8a
call_overhead,plain,1,main,ok,118.0,0.14884,1928428947,567916409,7dfe3a5633a78a9134d82101d8707f3002e13d42ea672d0348f8f3674883d439,44136fa355b3678a1146ad16f7e8649e94fb4fc21fe77e8310c060f61caaff8a
call_overhead,plain,1,current,ok,117.0,0.148863,2059552832,568703924,7dfe3a5633a78a9134d82101d8707f3002e13d42ea672d0348f8f3674883d439,44136fa355b3678a1146ad16f7e8649e94fb4fc21fe77e8310c060f61caaff8a
call_overhead,plain,2,current,ok,122.0,0.173041,2059562186,587911646,7dfe3a5633a78a9134d82101d8707f3002e13d42ea672d0348f8f3674883d439,44136fa355b3678a1146ad16f7e8649e94fb4fc21fe77e8310c060f61caaff8a
call_overhead,plain,2,main,ok,118.0,0.150059,1928442511,576157470,7dfe3a5633a78a9134d82101d8707f3002e13d42ea672d0348f8f3674883d439,44136fa355b3678a1146ad16f7e8649e94fb4fc21fe77e8310c060f61caaff8a
call_overhead,plain,3,main,ok,118.0,0.148799,1928426199,569318491,7dfe3a5633a78a9134d82101d8707f3002e13d42ea672d0348f8f3674883d439,44136fa355b3678a1146ad16f7e8649e94fb4fc21fe77e8310c060f61caaff8a
call_overhead,plain,3,current,ok,118.0,0.149462,2059557091,568705936,7dfe3a5633a78a9134d82101d8707f3002e13d42ea672d0348f8f3674883d439,44136fa355b3678a1146ad16f7e8649e94fb4fc21fe77e8310c060f61caaff8a
call_overhead,plain,4,current,ok,121.0,0.154368,2059543058,580583928,7dfe3a5633a78a9134d82101d8707f3002e13d42ea672d0348f8f3674883d439,44136fa355b3678a1146ad16f7e8649e94fb4fc21fe77e8310c060f61caaff8a
call_overhead,plain,4,main,ok,121.0,0.151733,1928469820,586276318,7dfe3a5633a78a9134d82101d8707f3002e13d42ea672d0348f8f3674883d439,44136fa355b3678a1146ad16f7e8649e94fb4fc21fe77e8310c060f61caaff8a
call_overhead,plain,5,main,ok,123.0,0.152528,1928423719,591864734,7dfe3a5633a78a9134d82101d8707f3002e13d42ea672d0348f8f3674883d439,44136fa355b3678a1146ad16f7e8649e94fb4fc21fe77e8310c060f61caaff8a
call_overhead,plain,5,current,ok,117.0,0.147597,2059559830,563641075,7dfe3a5633a78a9134d82101d8707f3002e13d42ea672d0348f8f3674883d439,44136fa355b3678a1146ad16f7e8649e94fb4fc21fe77e8310c060f61caaff8a
call_overhead,optimize,1,main,ok,118.0,0.148196,1928596969,566181168,7dfe3a5633a78a9134d82101d8707f3002e13d42ea672d0348f8f3674883d439,44136fa355b3678a1146ad16f7e8649e94fb4fc21fe77e8310c060f61caaff8a
call_overhead,optimize,1,current,ok,117.0,0.149271,2059742029,570356275,7dfe3a5633a78a9134d82101d8707f3002e13d42ea672d0348f8f3674883d439,44136fa355b3678a1146ad16f7e8649e94fb4fc21fe77e8310c060f61caaff8a
call_overhead,optimize,2,current,ok,122.0,0.154216,2059720125,590170074,7dfe3a5633a78a9134d82101d8707f3002e13d42ea672d0348f8f3674883d439,44136fa355b3678a1146ad16f7e8649e94fb4fc21fe77e8310c060f61caaff8a
call_overhead,optimize,2,main,ok,121.0,0.151317,1928609081,585529104,7dfe3a5633a78a9134d82101d8707f3002e13d42ea672d0348f8f3674883d439,44136fa355b3678a1146ad16f7e8649e94fb4fc21fe77e8310c060f61caaff8a
call_overhead,optimize,3,main,ok,121.0,0.152369,1928604264,583644320,7dfe3a5633a78a9134d82101d8707f3002e13d42ea672d0348f8f3674883d439,44136fa355b3678a1146ad16f7e8649e94fb4fc21fe77e8310c060f61caaff8a
call_overhead,optimize,3,current,ok,120.0,0.153821,2059737319,584928088,7dfe3a5633a78a9134d82101d8707f3002e13d42ea672d0348f8f3674883d439,44136fa355b3678a1146ad16f7e8649e94fb4fc21fe77e8310c060f61caaff8a
call_overhead,optimize,4,current,ok,118.0,0.148287,2059725462,570258500,7dfe3a5633a78a9134d82101d8707f3002e13d42ea672d0348f8f3674883d439,44136fa355b3678a1146ad16f7e8649e94fb4fc21fe77e8310c060f61caaff8a
call_overhead,optimize,4,main,ok,125.0,0.155643,1928609324,600277557,7dfe3a5633a78a9134d82101d8707f3002e13d42ea672d0348f8f3674883d439,44136fa355b3678a1146ad16f7e8649e94fb4fc21fe77e8310c060f61caaff8a
call_overhead,optimize,5,main,ok,118.0,0.148203,1928627737,569710639,7dfe3a5633a78a9134d82101d8707f3002e13d42ea672d0348f8f3674883d439,44136fa355b3678a1146ad16f7e8649e94fb4fc21fe77e8310c060f61caaff8a
call_overhead,optimize,5,current,ok,119.0,0.150863,2059713180,574156769,7dfe3a5633a78a9134d82101d8707f3002e13d42ea672d0348f8f3674883d439,44136fa355b3678a1146ad16f7e8649e94fb4fc21fe77e8310c060f61caaff8a
cbr_rates,plain,1,main,ok,731.0,0.810697,1397612878,447583506,66d9c3a94f0db7a8a5570f07b88008f146ef417582b752321328e33e197fa9c1,44136fa355b3678a1146ad16f7e8649e94fb4fc21fe77e8310c060f61caaff8a
cbr_rates,plain,1,current,ok,310.0,0.388264,1401515330,445180109,66d9c3a94f0db7a8a5570f07b88008f146ef417582b752321328e33e197fa9c1,44136fa355b3678a1146ad16f7e8649e94fb4fc21fe77e8310c060f61caaff8a
cbr_rates,plain,2,current,ok,1334.0,1.413963,1400703189,445615071,66d9c3a94f0db7a8a5570f07b88008f146ef417582b752321328e33e197fa9c1,44136fa355b3678a1146ad16f7e8649e94fb4fc21fe77e8310c060f61caaff8a
cbr_rates,plain,2,main,ok,288.0,0.365559,1391287028,442224618,66d9c3a94f0db7a8a5570f07b88008f146ef417582b752321328e33e197fa9c1,44136fa355b3678a1146ad16f7e8649e94fb4fc21fe77e8310c060f61caaff8a
cbr_rates,plain,3,main,ok,288.0,0.366778,1393596357,451597071,66d9c3a94f0db7a8a5570f07b88008f146ef417582b752321328e33e197fa9c1,44136fa355b3678a1146ad16f7e8649e94fb4fc21fe77e8310c060f61caaff8a
cbr_rates,plain,3,current,ok,290.0,0.370803,1405984800,459549134,66d9c3a94f0db7a8a5570f07b88008f146ef417582b752321328e33e197fa9c1,44136fa355b3678a1146ad16f7e8649e94fb4fc21fe77e8310c060f61caaff8a
cbr_rates,plain,4,current,ok,282.0,0.363077,1406135413,454637764,66d9c3a94f0db7a8a5570f07b88008f146ef417582b752321328e33e197fa9c1,44136fa355b3678a1146ad16f7e8649e94fb4fc21fe77e8310c060f61caaff8a
cbr_rates,plain,4,main,ok,310.0,0.387652,1388717258,445297969,66d9c3a94f0db7a8a5570f07b88008f146ef417582b752321328e33e197fa9c1,44136fa355b3678a1146ad16f7e8649e94fb4fc21fe77e8310c060f61caaff8a
cbr_rates,plain,5,main,ok,287.0,0.36684,1395206990,449586559,66d9c3a94f0db7a8a5570f07b88008f146ef417582b752321328e33e197fa9c1,44136fa355b3678a1146ad16f7e8649e94fb4fc21fe77e8310c060f61caaff8a
cbr_rates,plain,5,current,ok,292.0,0.373041,1406327481,455774500,66d9c3a94f0db7a8a5570f07b88008f146ef417582b752321328e33e197fa9c1,44136fa355b3678a1146ad16f7e8649e94fb4fc21fe77e8310c060f61caaff8a
cbr_rates,optimize,1,main,ok,1368.0,1.451927,1432278848,459661243,66d9c3a94f0db7a8a5570f07b88008f146ef417582b752321328e33e197fa9c1,44136fa355b3678a1146ad16f7e8649e94fb4fc21fe77e8310c060f61caaff8a
cbr_rates,optimize,1,current,ok,1913.0,1.997306,1440267867,465465899,66d9c3a94f0db7a8a5570f07b88008f146ef417582b752321328e33e197fa9c1,44136fa355b3678a1146ad16f7e8649e94fb4fc21fe77e8310c060f61caaff8a
cbr_rates,optimize,2,current,ok,2009.0,2.093342,1438643941,467778352,66d9c3a94f0db7a8a5570f07b88008f146ef417582b752321328e33e197fa9c1,44136fa355b3678a1146ad16f7e8649e94fb4fc21fe77e8310c060f61caaff8a
cbr_rates,optimize,2,main,ok,1965.0,2.046652,1432791284,464704595,66d9c3a94f0db7a8a5570f07b88008f146ef417582b752321328e33e197fa9c1,44136fa355b3678a1146ad16f7e8649e94fb4fc21fe77e8310c060f61caaff8a
cbr_rates,optimize,3,main,ok,1967.0,2.047438,1429052424,457980522,66d9c3a94f0db7a8a5570f07b88008f146ef417582b752321328e33e197fa9c1,44136fa355b3678a1146ad16f7e8649e94fb4fc21fe77e8310c060f61caaff8a
cbr_rates,optimize,3,current,ok,1761.0,1.84286,1439912724,466248496,66d9c3a94f0db7a8a5570f07b88008f146ef417582b752321328e33e197fa9c1,44136fa355b3678a1146ad16f7e8649e94fb4fc21fe77e8310c060f61caaff8a
cbr_rates,optimize,4,current,ok,1883.0,1.965838,1442697891,465187234,66d9c3a94f0db7a8a5570f07b88008f146ef417582b752321328e33e197fa9c1,44136fa355b3678a1146ad16f7e8649e94fb4fc21fe77e8310c060f61caaff8a
cbr_rates,optimize,4,main,ok,1917.0,2.002724,1428990275,479761591,66d9c3a94f0db7a8a5570f07b88008f146ef417582b752321328e33e197fa9c1,44136fa355b3678a1146ad16f7e8649e94fb4fc21fe77e8310c060f61caaff8a
cbr_rates,optimize,5,main,ok,1918.0,1.999401,1429353718,459302994,66d9c3a94f0db7a8a5570f07b88008f146ef417582b752321328e33e197fa9c1,44136fa355b3678a1146ad16f7e8649e94fb4fc21fe77e8310c060f61caaff8a
cbr_rates,optimize,5,current,ok,1914.0,1.996469,1441129158,460919352,66d9c3a94f0db7a8a5570f07b88008f146ef417582b752321328e33e197fa9c1,44136fa355b3678a1146ad16f7e8649e94fb4fc21fe77e8310c060f61caaff8a
csv_write,plain,1,main,ok,940.0,0.972972,12818991967,4226700633,e3b0c44298fc1c149afbf4c8996fb92427ae41e4649b934ca495991b7852b855,7d911fa93ce19ee4052aa99acd9f191ec8ece6bb2bae2b20a56ae05298ad196d
csv_write,plain,1,current,ok,1085.0,1.119079,13167042978,4907210526,e3b0c44298fc1c149afbf4c8996fb92427ae41e4649b934ca495991b7852b855,7d911fa93ce19ee4052aa99acd9f191ec8ece6bb2bae2b20a56ae05298ad196d
csv_write,plain,2,current,ok,1080.0,1.112592,13167066581,4887441706,e3b0c44298fc1c149afbf4c8996fb92427ae41e4649b934ca495991b7852b855,7d911fa93ce19ee4052aa99acd9f191ec8ece6bb2bae2b20a56ae05298ad196d
csv_write,plain,2,main,ok,933.0,0.966211,12818985449,4215233290,e3b0c44298fc1c149afbf4c8996fb92427ae41e4649b934ca495991b7852b855,7d911fa93ce19ee4052aa99acd9f191ec8ece6bb2bae2b20a56ae05298ad196d
csv_write,plain,3,main,ok,932.0,0.979385,12819022129,4201714316,e3b0c44298fc1c149afbf4c8996fb92427ae41e4649b934ca495991b7852b855,7d911fa93ce19ee4052aa99acd9f191ec8ece6bb2bae2b20a56ae05298ad196d
csv_write,plain,3,current,ok,1071.0,1.103503,13167068474,4841047341,e3b0c44298fc1c149afbf4c8996fb92427ae41e4649b934ca495991b7852b855,7d911fa93ce19ee4052aa99acd9f191ec8ece6bb2bae2b20a56ae05298ad196d
csv_write,optimize,1,main,ok,659.0,0.690378,9843579312,2971706742,e3b0c44298fc1c149afbf4c8996fb92427ae41e4649b934ca495991b7852b855,7d911fa93ce19ee4052aa99acd9f191ec8ece6bb2bae2b20a56ae05298ad196d
csv_write,optimize,1,current,ok,670.0,0.702574,10015409105,3023834366,e3b0c44298fc1c149afbf4c8996fb92427ae41e4649b934ca495991b7852b855,7d911fa93ce19ee4052aa99acd9f191ec8ece6bb2bae2b20a56ae05298ad196d
csv_write,optimize,2,current,ok,676.0,0.70936,10015399707,3043619974,e3b0c44298fc1c149afbf4c8996fb92427ae41e4649b934ca495991b7852b855,7d911fa93ce19ee4052aa99acd9f191ec8ece6bb2bae2b20a56ae05298ad196d
csv_write,optimize,2,main,ok,664.0,0.69541,9843593518,2991588815,e3b0c44298fc1c149afbf4c8996fb92427ae41e4649b934ca495991b7852b855,7d911fa93ce19ee4052aa99acd9f191ec8ece6bb2bae2b20a56ae05298ad196d
csv_write,optimize,3,main,ok,669.0,0.702791,9843574951,3021397656,e3b0c44298fc1c149afbf4c8996fb92427ae41e4649b934ca495991b7852b855,7d911fa93ce19ee4052aa99acd9f191ec8ece6bb2bae2b20a56ae05298ad196d
csv_write,optimize,3,current,ok,674.0,0.707049,10015416521,3032596821,e3b0c44298fc1c149afbf4c8996fb92427ae41e4649b934ca495991b7852b855,7d911fa93ce19ee4052aa99acd9f191ec8ece6bb2bae2b20a56ae05298ad196d
csv_write_batched,plain,1,main,ok,46.0,0.077915,730745642,211275941,e3b0c44298fc1c149afbf4c8996fb92427ae41e4649b934ca495991b7852b855,7d911fa93ce19ee4052aa99acd9f191ec8ece6bb2bae2b20a56ae05298ad196d
csv_write_batched,plain,1,current,ok,49.0,0.080127,751974687,231615364,e3b0c44298fc1c149afbf4c8996fb92427ae41e4649b934ca495991b7852b855,7d911fa93ce19ee4052aa99acd9f191ec8ece6bb2bae2b20a56ae05298ad196d
csv_write_batched,plain,2,current,ok,49.0,0.080361,751961628,230190883,e3b0c44298fc1c149afbf4c8996fb92427ae41e4649b934ca495991b7852b855,7d911fa93ce19ee4052aa99acd9f191ec8ece6bb2bae2b20a56ae05298ad196d
csv_write_batched,plain,2,main,ok,47.0,0.077767,730779380,212561201,e3b0c44298fc1c149afbf4c8996fb92427ae41e4649b934ca495991b7852b855,7d911fa93ce19ee4052aa99acd9f191ec8ece6bb2bae2b20a56ae05298ad196d
csv_write_batched,plain,3,main,ok,45.0,0.077634,730760417,210648988,e3b0c44298fc1c149afbf4c8996fb92427ae41e4649b934ca495991b7852b855,7d911fa93ce19ee4052aa99acd9f191ec8ece6bb2bae2b20a56ae05298ad196d
csv_write_batched,plain,3,current,ok,49.0,0.081902,751966715,232688823,e3b0c44298fc1c149afbf4c8996fb92427ae41e4649b934ca495991b7852b855,7d911fa93ce19ee4052aa99acd9f191ec8ece6bb2bae2b20a56ae05298ad196d
csv_write_batched,optimize,1,main,ok,40.0,0.070302,659606458,186617893,e3b0c44298fc1c149afbf4c8996fb92427ae41e4649b934ca495991b7852b855,7d911fa93ce19ee4052aa99acd9f191ec8ece6bb2bae2b20a56ae05298ad196d
csv_write_batched,optimize,1,current,ok,42.0,0.073827,676614830,197778075,e3b0c44298fc1c149afbf4c8996fb92427ae41e4649b934ca495991b7852b855,7d911fa93ce19ee4052aa99acd9f191ec8ece6bb2bae2b20a56ae05298ad196d
csv_write_batched,optimize,2,current,ok,43.0,0.074719,676626707,204320643,e3b0c44298fc1c149afbf4c8996fb92427ae41e4649b934ca495991b7852b855,7d911fa93ce19ee4052aa99acd9f191ec8ece6bb2bae2b20a56ae05298ad196d
csv_write_batched,optimize,2,main,ok,41.0,0.073377,659595377,197743348,e3b0c44298fc1c149afbf4c8996fb92427ae41e4649b934ca495991b7852b855,7d911fa93ce19ee4052aa99acd9f191ec8ece6bb2bae2b20a56ae05298ad196d
csv_write_batched,optimize,3,main,ok,39.0,0.070832,659570962,184577686,e3b0c44298fc1c149afbf4c8996fb92427ae41e4649b934ca495991b7852b855,7d911fa93ce19ee4052aa99acd9f191ec8ece6bb2bae2b20a56ae05298ad196d
csv_write_batched,optimize,3,current,ok,40.0,0.071072,676609912,188042623,e3b0c44298fc1c149afbf4c8996fb92427ae41e4649b934ca495991b7852b855,7d911fa93ce19ee4052aa99acd9f191ec8ece6bb2bae2b20a56ae05298ad196d
edata_writer,plain,1,main,ok,69.0,0.126758,963147454,376333725,c4f37ecd8923bc057cde654cfcc1349044387bf46446b10ba9b78566c0b1650a,0635e81195146d6e7824cc96f8ace61a82720567ca81d1d90e06fc4874f7652a
edata_writer,plain,1,current,ok,70.0,0.129018,973196799,382709758,c4f37ecd8923bc057cde654cfcc1349044387bf46446b10ba9b78566c0b1650a,0635e81195146d6e7824cc96f8ace61a82720567ca81d1d90e06fc4874f7652a
edata_writer,plain,2,current,ok,71.0,0.127916,974372158,377031563,c4f37ecd8923bc057cde654cfcc1349044387bf46446b10ba9b78566c0b1650a,0635e81195146d6e7824cc96f8ace61a82720567ca81d1d90e06fc4874f7652a
edata_writer,plain,2,main,ok,74.0,0.131325,961831924,386921682,c4f37ecd8923bc057cde654cfcc1349044387bf46446b10ba9b78566c0b1650a,0635e81195146d6e7824cc96f8ace61a82720567ca81d1d90e06fc4874f7652a
edata_writer,plain,3,main,ok,75.0,0.132024,961812197,390147011,c4f37ecd8923bc057cde654cfcc1349044387bf46446b10ba9b78566c0b1650a,0635e81195146d6e7824cc96f8ace61a82720567ca81d1d90e06fc4874f7652a
edata_writer,plain,3,current,ok,71.0,0.130386,973692152,382477368,c4f37ecd8923bc057cde654cfcc1349044387bf46446b10ba9b78566c0b1650a,0635e81195146d6e7824cc96f8ace61a82720567ca81d1d90e06fc4874f7652a
edata_writer,plain,4,current,ok,72.0,0.134236,973447505,396439236,c4f37ecd8923bc057cde654cfcc1349044387bf46446b10ba9b78566c0b1650a,0635e81195146d6e7824cc96f8ace61a82720567ca81d1d90e06fc4874f7652a
edata_writer,plain,4,main,ok,70.0,0.128811,962401377,377448860,c4f37ecd8923bc057cde654cfcc1349044387bf46446b10ba9b78566c0b1650a,0635e81195146d6e7824cc96f8ace61a82720567ca81d1d90e06fc4874f7652a
edata_writer,plain,5,main,ok,70.0,0.125782,961847130,372651674,c4f37ecd8923bc057cde654cfcc1349044387bf46446b10ba9b78566c0b1650a,0635e81195146d6e7824cc96f8ace61a82720567ca81d1d90e06fc4874f7652a
edata_writer,plain,5,current,ok,70.0,0.129644,973864945,380497618,c4f37ecd8923bc057cde654cfcc1349044387bf46446b10ba9b78566c0b1650a,0635e81195146d6e7824cc96f8ace61a82720567ca81d1d90e06fc4874f7652a
edata_writer,optimize,1,main,ok,78.0,0.139874,944722773,378509001,c4f37ecd8923bc057cde654cfcc1349044387bf46446b10ba9b78566c0b1650a,0635e81195146d6e7824cc96f8ace61a82720567ca81d1d90e06fc4874f7652a
edata_writer,optimize,1,current,ok,69.0,0.153916,960486568,377929738,c4f37ecd8923bc057cde654cfcc1349044387bf46446b10ba9b78566c0b1650a,0635e81195146d6e7824cc96f8ace61a82720567ca81d1d90e06fc4874f7652a
edata_writer,optimize,2,current,ok,70.0,0.130774,960293270,382552859,c4f37ecd8923bc057cde654cfcc1349044387bf46446b10ba9b78566c0b1650a,0635e81195146d6e7824cc96f8ace61a82720567ca81d1d90e06fc4874f7652a
edata_writer,optimize,2,main,ok,70.0,0.128793,943956863,368689728,c4f37ecd8923bc057cde654cfcc1349044387bf46446b10ba9b78566c0b1650a,0635e81195146d6e7824cc96f8ace61a82720567ca81d1d90e06fc4874f7652a
edata_writer,optimize,3,main,ok,70.0,0.130765,944572366,372455246,c4f37ecd8923bc057cde654cfcc1349044387bf46446b10ba9b78566c0b1650a,0635e81195146d6e7824cc96f8ace61a82720567ca81d1d90e06fc4874f7652a
edata_writer,optimize,3,current,ok,73.0,0.134312,962024449,377600752,c4f37ecd8923bc057cde654cfcc1349044387bf46446b10ba9b78566c0b1650a,0635e81195146d6e7824cc96f8ace61a82720567ca81d1d90e06fc4874f7652a
edata_writer,optimize,4,current,ok,72.0,0.134607,960767901,378875473,c4f37ecd8923bc057cde654cfcc1349044387bf46446b10ba9b78566c0b1650a,0635e81195146d6e7824cc96f8ace61a82720567ca81d1d90e06fc4874f7652a
edata_writer,optimize,4,main,ok,70.0,0.146819,944894536,374753487,c4f37ecd8923bc057cde654cfcc1349044387bf46446b10ba9b78566c0b1650a,0635e81195146d6e7824cc96f8ace61a82720567ca81d1d90e06fc4874f7652a
edata_writer,optimize,5,main,ok,70.0,0.131657,944616018,380672087,c4f37ecd8923bc057cde654cfcc1349044387bf46446b10ba9b78566c0b1650a,0635e81195146d6e7824cc96f8ace61a82720567ca81d1d90e06fc4874f7652a
edata_writer,optimize,5,current,ok,72.0,0.136003,960486968,387629185,c4f37ecd8923bc057cde654cfcc1349044387bf46446b10ba9b78566c0b1650a,0635e81195146d6e7824cc96f8ace61a82720567ca81d1d90e06fc4874f7652a
empty_for,plain,1,main,ok,1.6,0.045862,362252194,108840174,e3b0c44298fc1c149afbf4c8996fb92427ae41e4649b934ca495991b7852b855,44136fa355b3678a1146ad16f7e8649e94fb4fc21fe77e8310c060f61caaff8a
empty_for,plain,1,current,ok,1.1,0.039778,359368019,91062602,e3b0c44298fc1c149afbf4c8996fb92427ae41e4649b934ca495991b7852b855,44136fa355b3678a1146ad16f7e8649e94fb4fc21fe77e8310c060f61caaff8a
empty_for,plain,2,current,ok,1.1,0.040304,359346461,90071390,e3b0c44298fc1c149afbf4c8996fb92427ae41e4649b934ca495991b7852b855,44136fa355b3678a1146ad16f7e8649e94fb4fc21fe77e8310c060f61caaff8a
empty_for,plain,2,main,ok,1.6,0.045246,362257806,111592960,e3b0c44298fc1c149afbf4c8996fb92427ae41e4649b934ca495991b7852b855,44136fa355b3678a1146ad16f7e8649e94fb4fc21fe77e8310c060f61caaff8a
empty_for,plain,3,main,ok,1.5,0.046229,362256780,109890068,e3b0c44298fc1c149afbf4c8996fb92427ae41e4649b934ca495991b7852b855,44136fa355b3678a1146ad16f7e8649e94fb4fc21fe77e8310c060f61caaff8a
empty_for,plain,3,current,ok,1.1,0.042292,359377416,90459304,e3b0c44298fc1c149afbf4c8996fb92427ae41e4649b934ca495991b7852b855,44136fa355b3678a1146ad16f7e8649e94fb4fc21fe77e8310c060f61caaff8a
empty_for,plain,4,current,ok,1.1,0.040224,359353440,91006389,e3b0c44298fc1c149afbf4c8996fb92427ae41e4649b934ca495991b7852b855,44136fa355b3678a1146ad16f7e8649e94fb4fc21fe77e8310c060f61caaff8a
empty_for,plain,4,main,ok,1.6,0.044851,362246491,109554049,e3b0c44298fc1c149afbf4c8996fb92427ae41e4649b934ca495991b7852b855,44136fa355b3678a1146ad16f7e8649e94fb4fc21fe77e8310c060f61caaff8a
empty_for,plain,5,main,ok,1.6,0.044069,362263451,108953518,e3b0c44298fc1c149afbf4c8996fb92427ae41e4649b934ca495991b7852b855,44136fa355b3678a1146ad16f7e8649e94fb4fc21fe77e8310c060f61caaff8a
empty_for,plain,5,current,ok,1.1,0.040492,359367066,91545770,e3b0c44298fc1c149afbf4c8996fb92427ae41e4649b934ca495991b7852b855,44136fa355b3678a1146ad16f7e8649e94fb4fc21fe77e8310c060f61caaff8a
empty_for,optimize,1,main,ok,1.5,0.043918,362389915,108813076,e3b0c44298fc1c149afbf4c8996fb92427ae41e4649b934ca495991b7852b855,44136fa355b3678a1146ad16f7e8649e94fb4fc21fe77e8310c060f61caaff8a
empty_for,optimize,1,current,ok,1.0,0.041585,359493505,90981047,e3b0c44298fc1c149afbf4c8996fb92427ae41e4649b934ca495991b7852b855,44136fa355b3678a1146ad16f7e8649e94fb4fc21fe77e8310c060f61caaff8a
empty_for,optimize,2,current,ok,1.1,0.041942,359493012,92578020,e3b0c44298fc1c149afbf4c8996fb92427ae41e4649b934ca495991b7852b855,44136fa355b3678a1146ad16f7e8649e94fb4fc21fe77e8310c060f61caaff8a
empty_for,optimize,2,main,ok,1.6,0.045153,362390549,108865767,e3b0c44298fc1c149afbf4c8996fb92427ae41e4649b934ca495991b7852b855,44136fa355b3678a1146ad16f7e8649e94fb4fc21fe77e8310c060f61caaff8a
empty_for,optimize,3,main,ok,1.5,0.044478,362369947,108844672,e3b0c44298fc1c149afbf4c8996fb92427ae41e4649b934ca495991b7852b855,44136fa355b3678a1146ad16f7e8649e94fb4fc21fe77e8310c060f61caaff8a
empty_for,optimize,3,current,ok,1.2,0.041671,359504476,91651091,e3b0c44298fc1c149afbf4c8996fb92427ae41e4649b934ca495991b7852b855,44136fa355b3678a1146ad16f7e8649e94fb4fc21fe77e8310c060f61caaff8a
empty_for,optimize,4,current,ok,1.1,0.042542,359500528,92758502,e3b0c44298fc1c149afbf4c8996fb92427ae41e4649b934ca495991b7852b855,44136fa355b3678a1146ad16f7e8649e94fb4fc21fe77e8310c060f61caaff8a
empty_for,optimize,4,main,ok,1.5,0.044773,362380867,108766333,e3b0c44298fc1c149afbf4c8996fb92427ae41e4649b934ca495991b7852b855,44136fa355b3678a1146ad16f7e8649e94fb4fc21fe77e8310c060f61caaff8a
empty_for,optimize,5,main,ok,1.5,0.044247,362372360,108796896,e3b0c44298fc1c149afbf4c8996fb92427ae41e4649b934ca495991b7852b855,44136fa355b3678a1146ad16f7e8649e94fb4fc21fe77e8310c060f61caaff8a
empty_for,optimize,5,current,ok,1.1,0.042106,359488892,91768042,e3b0c44298fc1c149afbf4c8996fb92427ae41e4649b934ca495991b7852b855,44136fa355b3678a1146ad16f7e8649e94fb4fc21fe77e8310c060f61caaff8a
goto_bench,plain,1,main,ok,469.0,0.499915,7356122080,2157241597,48f287c7ba3930f75171f970a1e8e7006ca4226ef34f3cd658945771f97f0056,44136fa355b3678a1146ad16f7e8649e94fb4fc21fe77e8310c060f61caaff8a
goto_bench,plain,1,current,ok,502.0,0.533167,7672231307,2306764878,48f287c7ba3930f75171f970a1e8e7006ca4226ef34f3cd658945771f97f0056,44136fa355b3678a1146ad16f7e8649e94fb4fc21fe77e8310c060f61caaff8a
goto_bench,plain,2,current,ok,498.0,0.529403,7672244361,2288123300,48f287c7ba3930f75171f970a1e8e7006ca4226ef34f3cd658945771f97f0056,44136fa355b3678a1146ad16f7e8649e94fb4fc21fe77e8310c060f61caaff8a
goto_bench,plain,2,main,ok,469.0,0.500096,7356094657,2146103238,48f287c7ba3930f75171f970a1e8e7006ca4226ef34f3cd658945771f97f0056,44136fa355b3678a1146ad16f7e8649e94fb4fc21fe77e8310c060f61caaff8a
goto_bench,plain,3,main,ok,476.0,0.516465,7356107189,2190118024,48f287c7ba3930f75171f970a1e8e7006ca4226ef34f3cd658945771f97f0056,44136fa355b3678a1146ad16f7e8649e94fb4fc21fe77e8310c060f61caaff8a
goto_bench,plain,3,current,ok,495.0,0.527331,7672218092,2283750691,48f287c7ba3930f75171f970a1e8e7006ca4226ef34f3cd658945771f97f0056,44136fa355b3678a1146ad16f7e8649e94fb4fc21fe77e8310c060f61caaff8a
goto_bench,plain,4,current,ok,504.0,0.535259,7672221598,2311729177,48f287c7ba3930f75171f970a1e8e7006ca4226ef34f3cd658945771f97f0056,44136fa355b3678a1146ad16f7e8649e94fb4fc21fe77e8310c060f61caaff8a
goto_bench,plain,4,main,ok,471.0,0.502507,7356089224,2149187143,48f287c7ba3930f75171f970a1e8e7006ca4226ef34f3cd658945771f97f0056,44136fa355b3678a1146ad16f7e8649e94fb4fc21fe77e8310c060f61caaff8a
goto_bench,plain,5,main,ok,478.0,0.50901,7356099026,2198282540,48f287c7ba3930f75171f970a1e8e7006ca4226ef34f3cd658945771f97f0056,44136fa355b3678a1146ad16f7e8649e94fb4fc21fe77e8310c060f61caaff8a
goto_bench,plain,5,current,ok,509.0,0.542527,7672215105,2346735227,48f287c7ba3930f75171f970a1e8e7006ca4226ef34f3cd658945771f97f0056,44136fa355b3678a1146ad16f7e8649e94fb4fc21fe77e8310c060f61caaff8a
goto_bench,optimize,1,main,ok,472.0,0.503718,7356833907,2172395605,48f287c7ba3930f75171f970a1e8e7006ca4226ef34f3cd658945771f97f0056,44136fa355b3678a1146ad16f7e8649e94fb4fc21fe77e8310c060f61caaff8a
goto_bench,optimize,1,current,ok,506.0,0.539241,7672970574,2320373951,48f287c7ba3930f75171f970a1e8e7006ca4226ef34f3cd658945771f97f0056,44136fa355b3678a1146ad16f7e8649e94fb4fc21fe77e8310c060f61caaff8a
goto_bench,optimize,2,current,ok,509.0,0.541596,7672978373,2325650191,48f287c7ba3930f75171f970a1e8e7006ca4226ef34f3cd658945771f97f0056,44136fa355b3678a1146ad16f7e8649e94fb4fc21fe77e8310c060f61caaff8a
goto_bench,optimize,2,main,ok,480.0,0.511963,7356832298,2190328660,48f287c7ba3930f75171f970a1e8e7006ca4226ef34f3cd658945771f97f0056,44136fa355b3678a1146ad16f7e8649e94fb4fc21fe77e8310c060f61caaff8a
goto_bench,optimize,3,main,ok,485.0,0.516193,7356824109,2174629300,48f287c7ba3930f75171f970a1e8e7006ca4226ef34f3cd658945771f97f0056,44136fa355b3678a1146ad16f7e8649e94fb4fc21fe77e8310c060f61caaff8a
goto_bench,optimize,3,current,ok,507.0,0.540939,7672981623,2304992316,48f287c7ba3930f75171f970a1e8e7006ca4226ef34f3cd658945771f97f0056,44136fa355b3678a1146ad16f7e8649e94fb4fc21fe77e8310c060f61caaff8a
goto_bench,optimize,4,current,ok,520.0,0.553525,7672967626,2373547865,48f287c7ba3930f75171f970a1e8e7006ca4226ef34f3cd658945771f97f0056,44136fa355b3678a1146ad16f7e8649e94fb4fc21fe77e8310c060f61caaff8a
goto_bench,optimize,4,main,ok,482.0,0.518103,7356828894,2193541546,48f287c7ba3930f75171f970a1e8e7006ca4226ef34f3cd658945771f97f0056,44136fa355b3678a1146ad16f7e8649e94fb4fc21fe77e8310c060f61caaff8a
goto_bench,optimize,5,main,ok,487.0,0.520361,7356843127,2213884345,48f287c7ba3930f75171f970a1e8e7006ca4226ef34f3cd658945771f97f0056,44136fa355b3678a1146ad16f7e8649e94fb4fc21fe77e8310c060f61caaff8a
goto_bench,optimize,5,current,ok,526.0,0.561278,7672978702,2397616666,48f287c7ba3930f75171f970a1e8e7006ca4226ef34f3cd658945771f97f0056,44136fa355b3678a1146ad16f7e8649e94fb4fc21fe77e8310c060f61caaff8a
invoice_doc_generator,plain,1,main,ok,16559.0,16.859396,196646630186,72396762785,6aae7f4f789184f18db09a38511f0c23469db5106997ae450939b2dd10e720ed,de80333889ef3c727b949b52601f1afdadc79118ddd974dd478e4d9e4044e2b0
invoice_doc_generator,plain,1,current,ok,16609.0,16.888143,196675846940,72798326683,6aae7f4f789184f18db09a38511f0c23469db5106997ae450939b2dd10e720ed,de80333889ef3c727b949b52601f1afdadc79118ddd974dd478e4d9e4044e2b0
invoice_doc_generator,plain,2,current,ok,16285.0,16.58475,196861596129,71593531718,6aae7f4f789184f18db09a38511f0c23469db5106997ae450939b2dd10e720ed,de80333889ef3c727b949b52601f1afdadc79118ddd974dd478e4d9e4044e2b0
invoice_doc_generator,plain,2,main,ok,16556.0,16.774897,196433499266,72163752025,6aae7f4f789184f18db09a38511f0c23469db5106997ae450939b2dd10e720ed,de80333889ef3c727b949b52601f1afdadc79118ddd974dd478e4d9e4044e2b0
invoice_doc_generator,plain,3,main,ok,16497.0,16.789273,196656897091,72486006895,6aae7f4f789184f18db09a38511f0c23469db5106997ae450939b2dd10e720ed,de80333889ef3c727b949b52601f1afdadc79118ddd974dd478e4d9e4044e2b0
invoice_doc_generator,plain,3,current,ok,16286.0,16.574571,196682543526,71465334909,6aae7f4f789184f18db09a38511f0c23469db5106997ae450939b2dd10e720ed,de80333889ef3c727b949b52601f1afdadc79118ddd974dd478e4d9e4044e2b0
invoice_doc_generator,plain,4,current,ok,16524.0,16.815709,196675162390,72386911423,6aae7f4f789184f18db09a38511f0c23469db5106997ae450939b2dd10e720ed,de80333889ef3c727b949b52601f1afdadc79118ddd974dd478e4d9e4044e2b0
invoice_doc_generator,plain,4,main,ok,16566.0,16.845411,196628445136,72803055284,6aae7f4f789184f18db09a38511f0c23469db5106997ae450939b2dd10e720ed,de80333889ef3c727b949b52601f1afdadc79118ddd974dd478e4d9e4044e2b0
invoice_doc_generator,plain,5,main,ok,16522.0,16.7233,196459830666,72482696551,6aae7f4f789184f18db09a38511f0c23469db5106997ae450939b2dd10e720ed,de80333889ef3c727b949b52601f1afdadc79118ddd974dd478e4d9e4044e2b0
invoice_doc_generator,plain,5,current,ok,16340.0,16.544585,196490622736,71597999473,6aae7f4f789184f18db09a38511f0c23469db5106997ae450939b2dd10e720ed,de80333889ef3c727b949b52601f1afdadc79118ddd974dd478e4d9e4044e2b0
invoice_doc_generator,optimize,1,main,ok,16697.0,16.994529,196481569659,73187453503,6aae7f4f789184f18db09a38511f0c23469db5106997ae450939b2dd10e720ed,de80333889ef3c727b949b52601f1afdadc79118ddd974dd478e4d9e4044e2b0
invoice_doc_generator,optimize,1,current,ok,16732.0,17.03065,196533226613,73068881103,6aae7f4f789184f18db09a38511f0c23469db5106997ae450939b2dd10e720ed,de80333889ef3c727b949b52601f1afdadc79118ddd974dd478e4d9e4044e2b0
invoice_doc_generator,optimize,2,current,ok,16588.0,16.887684,196412050967,73078063398,6aae7f4f789184f18db09a38511f0c23469db5106997ae450939b2dd10e720ed,de80333889ef3c727b949b52601f1afdadc79118ddd974dd478e4d9e4044e2b0
invoice_doc_generator,optimize,2,main,ok,16378.0,16.670942,196485223299,72200012763,6aae7f4f789184f18db09a38511f0c23469db5106997ae450939b2dd10e720ed,de80333889ef3c727b949b52601f1afdadc79118ddd974dd478e4d9e4044e2b0
invoice_doc_generator,optimize,3,main,ok,16627.0,16.911343,196485825184,72962554098,6aae7f4f789184f18db09a38511f0c23469db5106997ae450939b2dd10e720ed,de80333889ef3c727b949b52601f1afdadc79118ddd974dd478e4d9e4044e2b0
invoice_doc_generator,optimize,3,current,ok,16167.0,16.45212,196525798605,71422310059,6aae7f4f789184f18db09a38511f0c23469db5106997ae450939b2dd10e720ed,de80333889ef3c727b949b52601f1afdadc79118ddd974dd478e4d9e4044e2b0
invoice_doc_generator,optimize,4,current,ok,16409.0,16.691952,196523834908,71918979148,6aae7f4f789184f18db09a38511f0c23469db5106997ae450939b2dd10e720ed,de80333889ef3c727b949b52601f1afdadc79118ddd974dd478e4d9e4044e2b0
invoice_doc_generator,optimize,4,main,ok,16608.0,16.819086,196278262797,72502991919,6aae7f4f789184f18db09a38511f0c23469db5106997ae450939b2dd10e720ed,de80333889ef3c727b949b52601f1afdadc79118ddd974dd478e4d9e4044e2b0
invoice_doc_generator,optimize,5,main,ok,16534.0,16.819008,196485748810,72822477659,6aae7f4f789184f18db09a38511f0c23469db5106997ae450939b2dd10e720ed,de80333889ef3c727b949b52601f1afdadc79118ddd974dd478e4d9e4044e2b0
invoice_doc_generator,optimize,5,current,ok,16286.0,16.570086,196392153552,71857713392,6aae7f4f789184f18db09a38511f0c23469db5106997ae450939b2dd10e720ed,de80333889ef3c727b949b52601f1afdadc79118ddd974dd478e4d9e4044e2b0
json_parse,plain,1,main,ok,241.0,0.41116,3836780162,1517424698,626f2d55c8061cff71d86592877d8b12bea873e3ad88622ddbcd49a700a87521,44136fa355b3678a1146ad16f7e8649e94fb4fc21fe77e8310c060f61caaff8a
json_parse,plain,1,current,ok,235.0,0.406184,3887560404,1508013537,626f2d55c8061cff71d86592877d8b12bea873e3ad88622ddbcd49a700a87521,44136fa355b3678a1146ad16f7e8649e94fb4fc21fe77e8310c060f61caaff8a
json_parse,plain,2,current,ok,231.0,0.405593,3888020565,1501136051,626f2d55c8061cff71d86592877d8b12bea873e3ad88622ddbcd49a700a87521,44136fa355b3678a1146ad16f7e8649e94fb4fc21fe77e8310c060f61caaff8a
json_parse,plain,2,main,ok,231.0,0.398148,3836138958,1479161040,626f2d55c8061cff71d86592877d8b12bea873e3ad88622ddbcd49a700a87521,44136fa355b3678a1146ad16f7e8649e94fb4fc21fe77e8310c060f61caaff8a
json_parse,plain,3,main,ok,237.0,0.417707,3835886180,1524606850,626f2d55c8061cff71d86592877d8b12bea873e3ad88622ddbcd49a700a87521,44136fa355b3678a1146ad16f7e8649e94fb4fc21fe77e8310c060f61caaff8a
json_parse,plain,3,current,ok,236.0,0.408604,3888345825,1511354830,626f2d55c8061cff71d86592877d8b12bea873e3ad88622ddbcd49a700a87521,44136fa355b3678a1146ad16f7e8649e94fb4fc21fe77e8310c060f61caaff8a
json_parse,plain,4,current,ok,235.0,0.406866,3888211469,1506884559,626f2d55c8061cff71d86592877d8b12bea873e3ad88622ddbcd49a700a87521,44136fa355b3678a1146ad16f7e8649e94fb4fc21fe77e8310c060f61caaff8a
json_parse,plain,4,main,ok,236.0,0.406915,3837492515,1511590091,626f2d55c8061cff71d86592877d8b12bea873e3ad88622ddbcd49a700a87521,44136fa355b3678a1146ad16f7e8649e94fb4fc21fe77e8310c060f61caaff8a
json_parse,plain,5,main,ok,238.0,0.409517,3835679432,1504115896,626f2d55c8061cff71d86592877d8b12bea873e3ad88622ddbcd49a700a87521,44136fa355b3678a1146ad16f7e8649e94fb4fc21fe77e8310c060f61caaff8a
json_parse,plain,5,current,ok,231.0,0.401418,3887784034,1491091255,626f2d55c8061cff71d86592877d8b12bea873e3ad88622ddbcd49a700a87521,44136fa355b3678a1146ad16f7e8649e94fb4fc21fe77e8310c060f61caaff8a
json_parse,optimize,1,main,ok,230.0,0.39064,3733320290,1435532037,626f2d55c8061cff71d86592877d8b12bea873e3ad88622ddbcd49a700a87521,44136fa355b3678a1146ad16f7e8649e94fb4fc21fe77e8310c060f61caaff8a
json_parse,optimize,1,current,ok,232.0,0.403295,3872832116,1488757862,626f2d55c8061cff71d86592877d8b12bea873e3ad88622ddbcd49a700a87521,44136fa355b3678a1146ad16f7e8649e94fb4fc21fe77e8310c060f61caaff8a
json_parse,optimize,2,current,ok,242.0,0.412577,3873226147,1521958974,626f2d55c8061cff71d86592877d8b12bea873e3ad88622ddbcd49a700a87521,44136fa355b3678a1146ad16f7e8649e94fb4fc21fe77e8310c060f61caaff8a
json_parse,optimize,2,main,ok,232.0,0.391026,3733621227,1439644861,626f2d55c8061cff71d86592877d8b12bea873e3ad88622ddbcd49a700a87521,44136fa355b3678a1146ad16f7e8649e94fb4fc21fe77e8310c060f61caaff8a
json_parse,optimize,3,main,ok,241.0,0.401269,3733463926,1480535676,626f2d55c8061cff71d86592877d8b12bea873e3ad88622ddbcd49a700a87521,44136fa355b3678a1146ad16f7e8649e94fb4fc21fe77e8310c060f61caaff8a
json_parse,optimize,3,current,ok,235.0,0.401993,3873895294,1504960949,626f2d55c8061cff71d86592877d8b12bea873e3ad88622ddbcd49a700a87521,44136fa355b3678a1146ad16f7e8649e94fb4fc21fe77e8310c060f61caaff8a
json_parse,optimize,4,current,ok,237.0,0.405932,3872873459,1517221513,626f2d55c8061cff71d86592877d8b12bea873e3ad88622ddbcd49a700a87521,44136fa355b3678a1146ad16f7e8649e94fb4fc21fe77e8310c060f61caaff8a
json_parse,optimize,4,main,ok,233.0,0.390285,3733314739,1446226854,626f2d55c8061cff71d86592877d8b12bea873e3ad88622ddbcd49a700a87521,44136fa355b3678a1146ad16f7e8649e94fb4fc21fe77e8310c060f61caaff8a
json_parse,optimize,5,main,ok,240.0,0.400204,3732726205,1480387381,626f2d55c8061cff71d86592877d8b12bea873e3ad88622ddbcd49a700a87521,44136fa355b3678a1146ad16f7e8649e94fb4fc21fe77e8310c060f61caaff8a
json_parse,optimize,5,current,ok,234.0,0.405955,3873222079,1506184880,626f2d55c8061cff71d86592877d8b12bea873e3ad88622ddbcd49a700a87521,44136fa355b3678a1146ad16f7e8649e94fb4fc21fe77e8310c060f61caaff8a
json_write,plain,1,main,ok,247.0,0.279874,3280809647,1022610875,adc5ff4f0aa14ec79474c362d1acf265403da369955494381a2103726ab0befe,44136fa355b3678a1146ad16f7e8649e94fb4fc21fe77e8310c060f61caaff8a
json_write,plain,1,current,ok,257.0,0.290915,3413945342,1048612663,adc5ff4f0aa14ec79474c362d1acf265403da369955494381a2103726ab0befe,44136fa355b3678a1146ad16f7e8649e94fb4fc21fe77e8310c060f61caaff8a
json_write,plain,2,current,ok,255.0,0.289038,3413927154,1060023866,adc5ff4f0aa14ec79474c362d1acf265403da369955494381a2103726ab0befe,44136fa355b3678a1146ad16f7e8649e94fb4fc21fe77e8310c060f61caaff8a
json_write,plain,2,main,ok,246.0,0.280153,3280838052,1016158392,adc5ff4f0aa14ec79474c362d1acf265403da369955494381a2103726ab0befe,44136fa355b3678a1146ad16f7e8649e94fb4fc21fe77e8310c060f61caaff8a
json_write,plain,3,main,ok,247.0,0.281401,3280856837,1024299695,adc5ff4f0aa14ec79474c362d1acf265403da369955494381a2103726ab0befe,44136fa355b3678a1146ad16f7e8649e94fb4fc21fe77e8310c060f61caaff8a
json_write,plain,3,current,ok,256.0,0.289197,3413937507,1060935707,adc5ff4f0aa14ec79474c362d1acf265403da369955494381a2103726ab0befe,44136fa355b3678a1146ad16f7e8649e94fb4fc21fe77e8310c060f61caaff8a
json_write,plain,4,current,ok,259.0,0.293369,3413950296,1060562908,adc5ff4f0aa14ec79474c362d1acf265403da369955494381a2103726ab0befe,44136fa355b3678a1146ad16f7e8649e94fb4fc21fe77e8310c060f61caaff8a
json_write,plain,4,main,ok,254.0,0.288578,3280921185,1040842285,adc5ff4f0aa14ec79474c362d1acf265403da369955494381a2103726ab0befe,44136fa355b3678a1146ad16f7e8649e94fb4fc21fe77e8310c060f61caaff8a
json_write,plain,5,main,ok,254.0,0.287431,3280776881,1022566239,adc5ff4f0aa14ec79474c362d1acf265403da369955494381a2103726ab0befe,44136fa355b3678a1146ad16f7e8649e94fb4fc21fe77e8310c060f61caaff8a
json_write,plain,5,current,ok,260.0,0.295341,3413940500,1049742988,adc5ff4f0aa14ec79474c362d1acf265403da369955494381a2103726ab0befe,44136fa355b3678a1146ad16f7e8649e94fb4fc21fe77e8310c060f61caaff8a
json_write,optimize,1,main,ok,235.0,0.271194,3019147664,944675172,adc5ff4f0aa14ec79474c362d1acf265403da369955494381a2103726ab0befe,44136fa355b3678a1146ad16f7e8649e94fb4fc21fe77e8310c060f61caaff8a
json_write,optimize,1,current,ok,260.0,0.29503,3415868568,1049998368,adc5ff4f0aa14ec79474c362d1acf265403da369955494381a2103726ab0befe,44136fa355b3678a1146ad16f7e8649e94fb4fc21fe77e8310c060f61caaff8a
json_write,optimize,2,current,ok,267.0,0.302314,3415813512,1087027493,adc5ff4f0aa14ec79474c362d1acf265403da369955494381a2103726ab0befe,44136fa355b3678a1146ad16f7e8649e94fb4fc21fe77e8310c060f61caaff8a
json_write,optimize,2,main,ok,231.0,0.267473,3019143202,936455384,adc5ff4f0aa14ec79474c362d1acf265403da369955494381a2103726ab0befe,44136fa355b3678a1146ad16f7e8649e94fb4fc21fe77e8310c060f61caaff8a
json_write,optimize,3,main,ok,232.0,0.26688,3019162461,929178100,adc5ff4f0aa14ec79474c362d1acf265403da369955494381a2103726ab0befe,44136fa355b3678a1146ad16f7e8649e94fb4fc21fe77e8310c060f61caaff8a
json_write,optimize,3,current,ok,272.0,0.306674,3415792259,1105376782,adc5ff4f0aa14ec79474c362d1acf265403da369955494381a2103726ab0befe,44136fa355b3678a1146ad16f7e8649e94fb4fc21fe77e8310c060f61caaff8a
json_write,optimize,4,current,ok,260.0,0.297748,3415825293,1064018035,adc5ff4f0aa14ec79474c362d1acf265403da369955494381a2103726ab0befe,44136fa355b3678a1146ad16f7e8649e94fb4fc21fe77e8310c060f61caaff8a
json_write,optimize,4,main,ok,253.0,0.288463,3019236364,1001749104,adc5ff4f0aa14ec79474c362d1acf265403da369955494381a2103726ab0befe,44136fa355b3678a1146ad16f7e8649e94fb4fc21fe77e8310c060f61caaff8a
json_write,optimize,5,main,ok,235.0,0.271224,3019145022,958964318,adc5ff4f0aa14ec79474c362d1acf265403da369955494381a2103726ab0befe,44136fa355b3678a1146ad16f7e8649e94fb4fc21fe77e8310c060f61caaff8a
json_write,optimize,5,current,ok,261.0,0.297485,3415899683,1083099885,adc5ff4f0aa14ec79474c362d1acf265403da369955494381a2103726ab0befe,44136fa355b3678a1146ad16f7e8649e94fb4fc21fe77e8310c060f61caaff8a
pi_leibniz,plain,1,main,ok,197.0,0.228533,2765281585,915041178,649e18457927a89cef2cc6b96210f991fecc34966ddaaf0c1946e8de372559c5,44136fa355b3678a1146ad16f7e8649e94fb4fc21fe77e8310c060f61caaff8a
pi_leibniz,plain,1,current,ok,187.0,0.220556,2693413667,888063587,649e18457927a89cef2cc6b96210f991fecc34966ddaaf0c1946e8de372559c5,44136fa355b3678a1146ad16f7e8649e94fb4fc21fe77e8310c060f61caaff8a
pi_leibniz,plain,2,current,ok,199.0,0.232721,2693393232,915065226,649e18457927a89cef2cc6b96210f991fecc34966ddaaf0c1946e8de372559c5,44136fa355b3678a1146ad16f7e8649e94fb4fc21fe77e8310c060f61caaff8a
pi_leibniz,plain,2,main,ok,207.0,0.242433,2765284874,948486438,649e18457927a89cef2cc6b96210f991fecc34966ddaaf0c1946e8de372559c5,44136fa355b3678a1146ad16f7e8649e94fb4fc21fe77e8310c060f61caaff8a
pi_leibniz,plain,3,main,ok,227.0,0.269631,2765270599,1052541859,649e18457927a89cef2cc6b96210f991fecc34966ddaaf0c1946e8de372559c5,44136fa355b3678a1146ad16f7e8649e94fb4fc21fe77e8310c060f61caaff8a
pi_leibniz,plain,3,current,ok,192.0,0.227004,2693413936,881974842,649e18457927a89cef2cc6b96210f991fecc34966ddaaf0c1946e8de372559c5,44136fa355b3678a1146ad16f7e8649e94fb4fc21fe77e8310c060f61caaff8a
pi_leibniz,plain,4,current,ok,196.0,0.236056,2693415126,915570046,649e18457927a89cef2cc6b96210f991fecc34966ddaaf0c1946e8de372559c5,44136fa355b3678a1146ad16f7e8649e94fb4fc21fe77e8310c060f61caaff8a
pi_leibniz,plain,4,main,ok,215.0,0.249679,2765268084,969422431,649e18457927a89cef2cc6b96210f991fecc34966ddaaf0c1946e8de372559c5,44136fa355b3678a1146ad16f7e8649e94fb4fc21fe77e8310c060f61caaff8a
pi_leibniz,plain,5,main,ok,223.0,0.258761,2765268816,1038121827,649e18457927a89cef2cc6b96210f991fecc34966ddaaf0c1946e8de372559c5,44136fa355b3678a1146ad16f7e8649e94fb4fc21fe77e8310c060f61caaff8a
pi_leibniz,plain,5,current,ok,200.0,0.233081,2693404538,940660046,649e18457927a89cef2cc6b96210f991fecc34966ddaaf0c1946e8de372559c5,44136fa355b3678a1146ad16f7e8649e94fb4fc21fe77e8310c060f61caaff8a
pi_leibniz,optimize,1,main,ok,189.0,0.22471,2632466696,898068469,649e18457927a89cef2cc6b96210f991fecc34966ddaaf0c1946e8de372559c5,44136fa355b3678a1146ad16f7e8649e94fb4fc21fe77e8310c060f61caaff8a
pi_leibniz,optimize,1,current,ok,178.0,0.211017,2553567796,841300424,649e18457927a89cef2cc6b96210f991fecc34966ddaaf0c1946e8de372559c5,44136fa355b3678a1146ad16f7e8649e94fb4fc21fe77e8310c060f61caaff8a
pi_leibniz,optimize,2,current,ok,177.0,0.208792,2553583669,824211326,649e18457927a89cef2cc6b96210f991fecc34966ddaaf0c1946e8de372559c5,44136fa355b3678a1146ad16f7e8649e94fb4fc21fe77e8310c060f61caaff8a
pi_leibniz,optimize,2,main,ok,188.0,0.220216,2632466016,867863538,649e18457927a89cef2cc6b96210f991fecc34966ddaaf0c1946e8de372559c5,44136fa355b3678a1146ad16f7e8649e94fb4fc21fe77e8310c060f61caaff8a
pi_leibniz,optimize,3,main,ok,185.0,0.216746,2632446935,845282019,649e18457927a89cef2cc6b96210f991fecc34966ddaaf0c1946e8de372559c5,44136fa355b3678a1146ad16f7e8649e94fb4fc21fe77e8310c060f61caaff8a
pi_leibniz,optimize,3,current,ok,193.0,0.225866,2553572428,900063272,649e18457927a89cef2cc6b96210f991fecc34966ddaaf0c1946e8de372559c5,44136fa355b3678a1146ad16f7e8649e94fb4fc21fe77e8310c060f61caaff8a
pi_leibniz,optimize,4,current,ok,180.0,0.215888,2553588592,848973067,649e18457927a89cef2cc6b96210f991fecc34966ddaaf0c1946e8de372559c5,44136fa355b3678a1146ad16f7e8649e94fb4fc21fe77e8310c060f61caaff8a
pi_leibniz,optimize,4,main,ok,190.0,0.222058,2632439853,875115691,649e18457927a89cef2cc6b96210f991fecc34966ddaaf0c1946e8de372559c5,44136fa355b3678a1146ad16f7e8649e94fb4fc21fe77e8310c060f61caaff8a
pi_leibniz,optimize,5,main,ok,190.0,0.220769,2632447788,879996602,649e18457927a89cef2cc6b96210f991fecc34966ddaaf0c1946e8de372559c5,44136fa355b3678a1146ad16f7e8649e94fb4fc21fe77e8310c060f61caaff8a
pi_leibniz,optimize,5,current,ok,190.0,0.226087,2553568424,893876676,649e18457927a89cef2cc6b96210f991fecc34966ddaaf0c1946e8de372559c5,44136fa355b3678a1146ad16f7e8649e94fb4fc21fe77e8310c060f61caaff8a
pi_leibniz_15,plain,1,main,ok,288.0,0.32126,3809231524,1329084283,d3fd2c9ebccc25c6f65a1f70ec8461d2457dba709bc3c1c216fdb76f562f2322,44136fa355b3678a1146ad16f7e8649e94fb4fc21fe77e8310c060f61caaff8a
pi_leibniz_15,plain,1,current,ok,300.0,0.332326,3748366272,1376929821,d3fd2c9ebccc25c6f65a1f70ec8461d2457dba709bc3c1c216fdb76f562f2322,44136fa355b3678a1146ad16f7e8649e94fb4fc21fe77e8310c060f61caaff8a
pi_leibniz_15,plain,2,current,ok,276.0,0.30812,3748375063,1280058660,d3fd2c9ebccc25c6f65a1f70ec8461d2457dba709bc3c1c216fdb76f562f2322,44136fa355b3678a1146ad16f7e8649e94fb4fc21fe77e8310c060f61caaff8a
pi_leibniz_15,plain,2,main,ok,274.0,0.306903,3809239095,1276332805,d3fd2c9ebccc25c6f65a1f70ec8461d2457dba709bc3c1c216fdb76f562f2322,44136fa355b3678a1146ad16f7e8649e94fb4fc21fe77e8310c060f61caaff8a
pi_leibniz_15,plain,3,main,ok,272.0,0.30452,3809246090,1266724462,d3fd2c9ebccc25c6f65a1f70ec8461d2457dba709bc3c1c216fdb76f562f2322,44136fa355b3678a1146ad16f7e8649e94fb4fc21fe77e8310c060f61caaff8a
pi_leibniz_15,plain,3,current,ok,274.0,0.308204,3748372590,1272805672,d3fd2c9ebccc25c6f65a1f70ec8461d2457dba709bc3c1c216fdb76f562f2322,44136fa355b3678a1146ad16f7e8649e94fb4fc21fe77e8310c060f61caaff8a
pi_leibniz_15,plain,4,current,ok,269.0,0.304604,3748366980,1254755631,d3fd2c9ebccc25c6f65a1f70ec8461d2457dba709bc3c1c216fdb76f562f2322,44136fa355b3678a1146ad16f7e8649e94fb4fc21fe77e8310c060f61caaff8a
pi_leibniz_15,plain,4,main,ok,270.0,0.300674,3809234103,1261628330,d3fd2c9ebccc25c6f65a1f70ec8461d2457dba709bc3c1c216fdb76f562f2322,44136fa355b3678a1146ad16f7e8649e94fb4fc21fe77e8310c060f61caaff8a
pi_leibniz_15,plain,5,main,ok,279.0,0.31082,3809238312,1288993364,d3fd2c9ebccc25c6f65a1f70ec8461d2457dba709bc3c1c216fdb76f562f2322,44136fa355b3678a1146ad16f7e8649e94fb4fc21fe77e8310c060f61caaff8a
pi_leibniz_15,plain,5,current,ok,270.0,0.303386,3748369220,1258070385,d3fd2c9ebccc25c6f65a1f70ec8461d2457dba709bc3c1c216fdb76f562f2322,44136fa355b3678a1146ad16f7e8649e94fb4fc21fe77e8310c060f61caaff8a
pi_leibniz_15,optimize,1,main,ok,252.0,0.283524,3555456628,1173430623,d3fd2c9ebccc25c6f65a1f70ec8461d2457dba709bc3c1c216fdb76f562f2322,44136fa355b3678a1146ad16f7e8649e94fb4fc21fe77e8310c060f61caaff8a
pi_leibniz_15,optimize,1,current,ok,247.0,0.278734,3480585537,1155456393,d3fd2c9ebccc25c6f65a1f70ec8461d2457dba709bc3c1c216fdb76f562f2322,44136fa355b3678a1146ad16f7e8649e94fb4fc21fe77e8310c060f61caaff8a
pi_leibniz_15,optimize,2,current,ok,245.0,0.280981,3480580539,1150252955,d3fd2c9ebccc25c6f65a1f70ec8461d2457dba709bc3c1c216fdb76f562f2322,44136fa355b3678a1146ad16f7e8649e94fb4fc21fe77e8310c060f61caaff8a
pi_leibniz_15,optimize,2,main,ok,251.0,0.28177,3555458552,1169400853,d3fd2c9ebccc25c6f65a1f70ec8461d2457dba709bc3c1c216fdb76f562f2322,44136fa355b3678a1146ad16f7e8649e94fb4fc21fe77e8310c060f61caaff8a
pi_leibniz_15,optimize,3,main,ok,254.0,0.28454,3555445440,1173387943,d3fd2c9ebccc25c6f65a1f70ec8461d2457dba709bc3c1c216fdb76f562f2322,44136fa355b3678a1146ad16f7e8649e94fb4fc21fe77e8310c060f61caaff8a
pi_leibniz_15,optimize,3,current,ok,244.0,0.28025,3480590144,1142960872,d3fd2c9ebccc25c6f65a1f70ec8461d2457dba709bc3c1c216fdb76f562f2322,44136fa355b3678a1146ad16f7e8649e94fb4fc21fe77e8310c060f61caaff8a
pi_leibniz_15,optimize,4,current,ok,245.0,0.277385,3480596868,1141549356,d3fd2c9ebccc25c6f65a1f70ec8461d2457dba709bc3c1c216fdb76f562f2322,44136fa355b3678a1146ad16f7e8649e94fb4fc21fe77e8310c060f61caaff8a
pi_leibniz_15,optimize,4,main,ok,251.0,0.284498,3555466391,1159519166,d3fd2c9ebccc25c6f65a1f70ec8461d2457dba709bc3c1c216fdb76f562f2322,44136fa355b3678a1146ad16f7e8649e94fb4fc21fe77e8310c060f61caaff8a
pi_leibniz_15,optimize,5,main,ok,253.0,0.285177,3555453558,1165012393,d3fd2c9ebccc25c6f65a1f70ec8461d2457dba709bc3c1c216fdb76f562f2322,44136fa355b3678a1146ad16f7e8649e94fb4fc21fe77e8310c060f61caaff8a
pi_leibniz_15,optimize,5,current,ok,247.0,0.280845,3480572827,1142255294,d3fd2c9ebccc25c6f65a1f70ec8461d2457dba709bc3c1c216fdb76f562f2322,44136fa355b3678a1146ad16f7e8649e94fb4fc21fe77e8310c060f61caaff8a
regexp,plain,1,main,ok,73.0,0.142026,1117552188,317215494,d748f34d4da5c938c272701124696ad5ebefeae1952dd62077c0e98c1c4fa36e,44136fa355b3678a1146ad16f7e8649e94fb4fc21fe77e8310c060f61caaff8a
regexp,plain,1,current,ok,72.0,0.142471,1124764650,320958264,d748f34d4da5c938c272701124696ad5ebefeae1952dd62077c0e98c1c4fa36e,44136fa355b3678a1146ad16f7e8649e94fb4fc21fe77e8310c060f61caaff8a
regexp,plain,2,current,ok,71.0,0.141929,1124693683,324064972,d748f34d4da5c938c272701124696ad5ebefeae1952dd62077c0e98c1c4fa36e,44136fa355b3678a1146ad16f7e8649e94fb4fc21fe77e8310c060f61caaff8a
regexp,plain,2,main,ok,71.0,0.135312,1117587423,310676893,d748f34d4da5c938c272701124696ad5ebefeae1952dd62077c0e98c1c4fa36e,44136fa355b3678a1146ad16f7e8649e94fb4fc21fe77e8310c060f61caaff8a
regexp,plain,3,main,ok,70.0,0.133487,1117573670,305532227,d748f34d4da5c938c272701124696ad5ebefeae1952dd62077c0e98c1c4fa36e,44136fa355b3678a1146ad16f7e8649e94fb4fc21fe77e8310c060f61caaff8a
regexp,plain,3,current,ok,72.0,0.138409,1124716844,305899355,d748f34d4da5c938c272701124696ad5ebefeae1952dd62077c0e98c1c4fa36e,44136fa355b3678a1146ad16f7e8649e94fb4fc21fe77e8310c060f61caaff8a
regexp,plain,4,current,ok,70.0,0.13385,1124701368,307642015,d748f34d4da5c938c272701124696ad5ebefeae1952dd62077c0e98c1c4fa36e,44136fa355b3678a1146ad16f7e8649e94fb4fc21fe77e8310c060f61caaff8a
regexp,plain,4,main,ok,70.0,0.135301,1117567312,313526854,d748f34d4da5c938c272701124696ad5ebefeae1952dd62077c0e98c1c4fa36e,44136fa355b3678a1146ad16f7e8649e94fb4fc21fe77e8310c060f61caaff8a
regexp,plain,5,main,ok,70.0,0.13613,1117557209,313092039,d748f34d4da5c938c272701124696ad5ebefeae1952dd62077c0e98c1c4fa36e,44136fa355b3678a1146ad16f7e8649e94fb4fc21fe77e8310c060f61caaff8a
regexp,plain,5,current,ok,72.0,0.13969,1124683675,313774089,d748f34d4da5c938c272701124696ad5ebefeae1952dd62077c0e98c1c4fa36e,44136fa355b3678a1146ad16f7e8649e94fb4fc21fe77e8310c060f61caaff8a
regexp,optimize,1,main,ok,71.0,0.137282,1117770349,319388344,d748f34d4da5c938c272701124696ad5ebefeae1952dd62077c0e98c1c4fa36e,44136fa355b3678a1146ad16f7e8649e94fb4fc21fe77e8310c060f61caaff8a
regexp,optimize,1,current,ok,70.0,0.135002,1124918512,307655774,d748f34d4da5c938c272701124696ad5ebefeae1952dd62077c0e98c1c4fa36e,44136fa355b3678a1146ad16f7e8649e94fb4fc21fe77e8310c060f61caaff8a
regexp,optimize,2,current,ok,73.0,0.138974,1124926329,318823644,d748f34d4da5c938c272701124696ad5ebefeae1952dd62077c0e98c1c4fa36e,44136fa355b3678a1146ad16f7e8649e94fb4fc21fe77e8310c060f61caaff8a
regexp,optimize,2,main,ok,69.0,0.133177,1117781563,305435159,d748f34d4da5c938c272701124696ad5ebefeae1952dd62077c0e98c1c4fa36e,44136fa355b3678a1146ad16f7e8649e94fb4fc21fe77e8310c060f61caaff8a
regexp,optimize,3,main,ok,73.0,0.138829,1117784512,323252488,d748f34d4da5c938c272701124696ad5ebefeae1952dd62077c0e98c1c4fa36e,44136fa355b3678a1146ad16f7e8649e94fb4fc21fe77e8310c060f61caaff8a
regexp,optimize,3,current,ok,70.0,0.136173,1124900646,311005470,d748f34d4da5c938c272701124696ad5ebefeae1952dd62077c0e98c1c4fa36e,44136fa355b3678a1146ad16f7e8649e94fb4fc21fe77e8310c060f61caaff8a
regexp,optimize,4,current,ok,70.0,0.133013,1124931226,300970489,d748f34d4da5c938c272701124696ad5ebefeae1952dd62077c0e98c1c4fa36e,44136fa355b3678a1146ad16f7e8649e94fb4fc21fe77e8310c060f61caaff8a
regexp,optimize,4,main,ok,69.0,0.134259,1117770662,309085903,d748f34d4da5c938c272701124696ad5ebefeae1952dd62077c0e98c1c4fa36e,44136fa355b3678a1146ad16f7e8649e94fb4fc21fe77e8310c060f61caaff8a
regexp,optimize,5,main,ok,70.0,0.133596,1117777069,304787561,d748f34d4da5c938c272701124696ad5ebefeae1952dd62077c0e98c1c4fa36e,44136fa355b3678a1146ad16f7e8649e94fb4fc21fe77e8310c060f61caaff8a
regexp,optimize,5,current,ok,74.0,0.137966,1124936008,311355391,d748f34d4da5c938c272701124696ad5ebefeae1952dd62077c0e98c1c4fa36e,44136fa355b3678a1146ad16f7e8649e94fb4fc21fe77e8310c060f61caaff8a
simple_parquet_reader,plain,1,main,ok,390.0,0.434872,4842107222,1736161255,02cc0d5e1068e542e94c39e54a6b66fbe1741548541539f50e6280588989ee64,44136fa355b3678a1146ad16f7e8649e94fb4fc21fe77e8310c060f61caaff8a
simple_parquet_reader,plain,1,current,ok,440.0,0.485447,5078394489,1963956685,02cc0d5e1068e542e94c39e54a6b66fbe1741548541539f50e6280588989ee64,44136fa355b3678a1146ad16f7e8649e94fb4fc21fe77e8310c060f61caaff8a
simple_parquet_reader,plain,2,current,ok,427.0,0.470714,5078420445,1915610362,02cc0d5e1068e542e94c39e54a6b66fbe1741548541539f50e6280588989ee64,44136fa355b3678a1146ad16f7e8649e94fb4fc21fe77e8310c060f61caaff8a
simple_parquet_reader,plain,2,main,ok,398.0,0.441725,4839558208,1780973084,02cc0d5e1068e542e94c39e54a6b66fbe1741548541539f50e6280588989ee64,44136fa355b3678a1146ad16f7e8649e94fb4fc21fe77e8310c060f61caaff8a
simple_parquet_reader,plain,3,main,ok,394.0,0.439256,4842117744,1760272951,02cc0d5e1068e542e94c39e54a6b66fbe1741548541539f50e6280588989ee64,44136fa355b3678a1146ad16f7e8649e94fb4fc21fe77e8310c060f61caaff8a
simple_parquet_reader,plain,3,current,ok,443.0,0.490399,5078390331,1990289983,02cc0d5e1068e542e94c39e54a6b66fbe1741548541539f50e6280588989ee64,44136fa355b3678a1146ad16f7e8649e94fb4fc21fe77e8310c060f61caaff8a
simple_parquet_reader,plain,4,current,ok,427.0,0.471362,5078387518,1917589526,02cc0d5e1068e542e94c39e54a6b66fbe1741548541539f50e6280588989ee64,44136fa355b3678a1146ad16f7e8649e94fb4fc21fe77e8310c060f61caaff8a
simple_parquet_reader,plain,4,main,ok,388.0,0.431956,4842153214,1745200461,02cc0d5e1068e542e94c39e54a6b66fbe1741548541539f50e6280588989ee64,44136fa355b3678a1146ad16f7e8649e94fb4fc21fe77e8310c060f61caaff8a
simple_parquet_reader,plain,5,main,ok,387.0,0.431651,4839527468,1736131302,02cc0d5e1068e542e94c39e54a6b66fbe1741548541539f50e6280588989ee64,44136fa355b3678a1146ad16f7e8649e94fb4fc21fe77e8310c060f61caaff8a
simple_parquet_reader,plain,5,current,ok,426.0,0.471742,5079889625,1912101517,02cc0d5e1068e542e94c39e54a6b66fbe1741548541539f50e6280588989ee64,44136fa355b3678a1146ad16f7e8649e94fb4fc21fe77e8310c060f61caaff8a
simple_parquet_reader,optimize,1,main,ok,383.0,0.429372,4722531178,1712568893,02cc0d5e1068e542e94c39e54a6b66fbe1741548541539f50e6280588989ee64,44136fa355b3678a1146ad16f7e8649e94fb4fc21fe77e8310c060f61caaff8a
simple_parquet_reader,optimize,1,current,ok,406.0,0.451759,4847430199,1827269116,02cc0d5e1068e542e94c39e54a6b66fbe1741548541539f50e6280588989ee64,44136fa355b3678a1146ad16f7e8649e94fb4fc21fe77e8310c060f61caaff8a
simple_parquet_reader,optimize,2,current,ok,410.0,0.455123,4847447904,1826617103,02cc0d5e1068e542e94c39e54a6b66fbe1741548541539f50e6280588989ee64,44136fa355b3678a1146ad16f7e8649e94fb4fc21fe77e8310c060f61caaff8a
simple_parquet_reader,optimize,2,main,ok,389.0,0.434673,4725124559,1707742888,02cc0d5e1068e542e94c39e54a6b66fbe1741548541539f50e6280588989ee64,44136fa355b3678a1146ad16f7e8649e94fb4fc21fe77e8310c060f61caaff8a
simple_parquet_reader,optimize,3,main,ok,389.0,0.436739,4725118312,1712437200,02cc0d5e1068e542e94c39e54a6b66fbe1741548541539f50e6280588989ee64,44136fa355b3678a1146ad16f7e8649e94fb4fc21fe77e8310c060f61caaff8a
simple_parquet_reader,optimize,3,current,ok,409.0,0.457581,4847528015,1817018150,02cc0d5e1068e542e94c39e54a6b66fbe1741548541539f50e6280588989ee64,44136fa355b3678a1146ad16f7e8649e94fb4fc21fe77e8310c060f61caaff8a
simple_parquet_reader,optimize,4,current,ok,410.0,0.457322,4847515614,1813464654,02cc0d5e1068e542e94c39e54a6b66fbe1741548541539f50e6280588989ee64,44136fa355b3678a1146ad16f7e8649e94fb4fc21fe77e8310c060f61caaff8a
simple_parquet_reader,optimize,4,main,ok,392.0,0.439277,4725142364,1731037086,02cc0d5e1068e542e94c39e54a6b66fbe1741548541539f50e6280588989ee64,44136fa355b3678a1146ad16f7e8649e94fb4fc21fe77e8310c060f61caaff8a
simple_parquet_reader,optimize,5,main,ok,389.0,0.43416,4725080437,1718145827,02cc0d5e1068e542e94c39e54a6b66fbe1741548541539f50e6280588989ee64,44136fa355b3678a1146ad16f7e8649e94fb4fc21fe77e8310c060f61caaff8a
simple_parquet_reader,optimize,5,current,ok,418.0,0.46513,4847429445,1831163271,02cc0d5e1068e542e94c39e54a6b66fbe1741548541539f50e6280588989ee64,44136fa355b3678a1146ad16f7e8649e94fb4fc21fe77e8310c060f61caaff8a
str_concat,plain,1,main,ok,1.0,0.033018,132090286,44857607,ecf9fe3569d9b6a80133835e8e42b2d76b861920e49249d015e39cc903160955,44136fa355b3678a1146ad16f7e8649e94fb4fc21fe77e8310c060f61caaff8a
str_concat,plain,1,current,ok,2.0,0.032091,139292527,46492851,ecf9fe3569d9b6a80133835e8e42b2d76b861920e49249d015e39cc903160955,44136fa355b3678a1146ad16f7e8649e94fb4fc21fe77e8310c060f61caaff8a
str_concat,plain,2,current,ok,2.0,0.032347,139290058,47687207,ecf9fe3569d9b6a80133835e8e42b2d76b861920e49249d015e39cc903160955,44136fa355b3678a1146ad16f7e8649e94fb4fc21fe77e8310c060f61caaff8a
str_concat,plain,2,main,ok,1.0,0.030941,132093020,44347592,ecf9fe3569d9b6a80133835e8e42b2d76b861920e49249d015e39cc903160955,44136fa355b3678a1146ad16f7e8649e94fb4fc21fe77e8310c060f61caaff8a
str_concat,plain,3,main,ok,1.0,0.030777,132087361,44389951,ecf9fe3569d9b6a80133835e8e42b2d76b861920e49249d015e39cc903160955,44136fa355b3678a1146ad16f7e8649e94fb4fc21fe77e8310c060f61caaff8a
str_concat,plain,3,current,ok,2.0,0.0331,139295205,47479087,ecf9fe3569d9b6a80133835e8e42b2d76b861920e49249d015e39cc903160955,44136fa355b3678a1146ad16f7e8649e94fb4fc21fe77e8310c060f61caaff8a
str_concat,plain,4,current,ok,1.0,0.034181,139299015,47854513,ecf9fe3569d9b6a80133835e8e42b2d76b861920e49249d015e39cc903160955,44136fa355b3678a1146ad16f7e8649e94fb4fc21fe77e8310c060f61caaff8a
str_concat,plain,4,main,ok,2.0,0.03346,132090137,44362600,ecf9fe3569d9b6a80133835e8e42b2d76b861920e49249d015e39cc903160955,44136fa355b3678a1146ad16f7e8649e94fb4fc21fe77e8310c060f61caaff8a
str_concat,plain,5,main,ok,2.0,0.032654,132099387,44502849,ecf9fe3569d9b6a80133835e8e42b2d76b861920e49249d015e39cc903160955,44136fa355b3678a1146ad16f7e8649e94fb4fc21fe77e8310c060f61caaff8a
str_concat,plain,5,current,ok,1.0,0.033668,139294135,46806105,ecf9fe3569d9b6a80133835e8e42b2d76b861920e49249d015e39cc903160955,44136fa355b3678a1146ad16f7e8649e94fb4fc21fe77e8310c060f61caaff8a
str_concat,optimize,1,main,ok,2.0,0.03298,132334738,44499114,ecf9fe3569d9b6a80133835e8e42b2d76b861920e49249d015e39cc903160955,44136fa355b3678a1146ad16f7e8649e94fb4fc21fe77e8310c060f61caaff8a
str_concat,optimize,1,current,ok,2.0,0.033311,139532472,47706314,ecf9fe3569d9b6a80133835e8e42b2d76b861920e49249d015e39cc903160955,44136fa355b3678a1146ad16f7e8649e94fb4fc21fe77e8310c060f61caaff8a
str_concat,optimize,2,current,ok,1.0,0.032512,139551057,47119040,ecf9fe3569d9b6a80133835e8e42b2d76b861920e49249d015e39cc903160955,44136fa355b3678a1146ad16f7e8649e94fb4fc21fe77e8310c060f61caaff8a
str_concat,optimize,2,main,ok,2.0,0.031393,132338960,44450221,ecf9fe3569d9b6a80133835e8e42b2d76b861920e49249d015e39cc903160955,44136fa355b3678a1146ad16f7e8649e94fb4fc21fe77e8310c060f61caaff8a
str_concat,optimize,3,main,ok,2.0,0.032298,132329797,44723644,ecf9fe3569d9b6a80133835e8e42b2d76b861920e49249d015e39cc903160955,44136fa355b3678a1146ad16f7e8649e94fb4fc21fe77e8310c060f61caaff8a
str_concat,optimize,3,current,ok,2.0,0.035981,139557314,53726627,ecf9fe3569d9b6a80133835e8e42b2d76b861920e49249d015e39cc903160955,44136fa355b3678a1146ad16f7e8649e94fb4fc21fe77e8310c060f61caaff8a
str_concat,optimize,4,current,ok,2.0,0.032811,139544723,46984558,ecf9fe3569d9b6a80133835e8e42b2d76b861920e49249d015e39cc903160955,44136fa355b3678a1146ad16f7e8649e94fb4fc21fe77e8310c060f61caaff8a
str_concat,optimize,4,main,ok,1.0,0.032881,132350107,46930938,ecf9fe3569d9b6a80133835e8e42b2d76b861920e49249d015e39cc903160955,44136fa355b3678a1146ad16f7e8649e94fb4fc21fe77e8310c060f61caaff8a
str_concat,optimize,5,main,ok,1.0,0.032559,132333344,46238283,ecf9fe3569d9b6a80133835e8e42b2d76b861920e49249d015e39cc903160955,44136fa355b3678a1146ad16f7e8649e94fb4fc21fe77e8310c060f61caaff8a
str_concat,optimize,5,current,ok,1.0,0.032519,139561332,47797918,ecf9fe3569d9b6a80133835e8e42b2d76b861920e49249d015e39cc903160955,44136fa355b3678a1146ad16f7e8649e94fb4fc21fe77e8310c060f61caaff8a
str_find,plain,1,main,ok,285.0,0.317574,4841691931,1303220318,ca7475da010b469ca7da319a32b7a8e46ef04df41c07dbee596122c30631e71a,44136fa355b3678a1146ad16f7e8649e94fb4fc21fe77e8310c060f61caaff8a
str_find,plain,1,current,ok,303.0,0.336142,4852023684,1409586516,ca7475da010b469ca7da319a32b7a8e46ef04df41c07dbee596122c30631e71a,44136fa355b3678a1146ad16f7e8649e94fb4fc21fe77e8310c060f61caaff8a
str_find,plain,2,current,ok,330.0,0.363967,4804757317,1534212137,ca7475da010b469ca7da319a32b7a8e46ef04df41c07dbee596122c30631e71a,44136fa355b3678a1146ad16f7e8649e94fb4fc21fe77e8310c060f61caaff8a
str_find,plain,2,main,ok,283.0,0.316941,4834560617,1307717327,ca7475da010b469ca7da319a32b7a8e46ef04df41c07dbee596122c30631e71a,44136fa355b3678a1146ad16f7e8649e94fb4fc21fe77e8310c060f61caaff8a
str_find,plain,3,main,ok,277.0,0.30775,4841273858,1269190749,ca7475da010b469ca7da319a32b7a8e46ef04df41c07dbee596122c30631e71a,44136fa355b3678a1146ad16f7e8649e94fb4fc21fe77e8310c060f61caaff8a
str_find,plain,3,current,ok,311.0,0.345791,4841739858,1438234967,ca7475da010b469ca7da319a32b7a8e46ef04df41c07dbee596122c30631e71a,44136fa355b3678a1146ad16f7e8649e94fb4fc21fe77e8310c060f61caaff8a
str_find,plain,4,current,ok,298.0,0.330424,4842576179,1382187100,ca7475da010b469ca7da319a32b7a8e46ef04df41c07dbee596122c30631e71a,44136fa355b3678a1146ad16f7e8649e94fb4fc21fe77e8310c060f61caaff8a
str_find,plain,4,main,ok,288.0,0.31837,4834573520,1330354150,ca7475da010b469ca7da319a32b7a8e46ef04df41c07dbee596122c30631e71a,44136fa355b3678a1146ad16f7e8649e94fb4fc21fe77e8310c060f61caaff8a
str_find,plain,5,main,ok,282.0,0.313497,4834588278,1299533776,ca7475da010b469ca7da319a32b7a8e46ef04df41c07dbee596122c30631e71a,44136fa355b3678a1146ad16f7e8649e94fb4fc21fe77e8310c060f61caaff8a
str_find,plain,5,current,ok,318.0,0.350143,4848852912,1476320452,ca7475da010b469ca7da319a32b7a8e46ef04df41c07dbee596122c30631e71a,44136fa355b3678a1146ad16f7e8649e94fb4fc21fe77e8310c060f61caaff8a
str_find,optimize,1,main,ok,268.0,0.300068,4841592928,1250959035,ca7475da010b469ca7da319a32b7a8e46ef04df41c07dbee596122c30631e71a,44136fa355b3678a1146ad16f7e8649e94fb4fc21fe77e8310c060f61caaff8a
str_find,optimize,1,current,ok,289.0,0.322367,4853899311,1347611196,ca7475da010b469ca7da319a32b7a8e46ef04df41c07dbee596122c30631e71a,44136fa355b3678a1146ad16f7e8649e94fb4fc21fe77e8310c060f61caaff8a
str_find,optimize,2,current,ok,296.0,0.327718,4842885216,1387471524,ca7475da010b469ca7da319a32b7a8e46ef04df41c07dbee596122c30631e71a,44136fa355b3678a1146ad16f7e8649e94fb4fc21fe77e8310c060f61caaff8a
str_find,optimize,2,main,ok,266.0,0.296705,4846739119,1237126432,ca7475da010b469ca7da319a32b7a8e46ef04df41c07dbee596122c30631e71a,44136fa355b3678a1146ad16f7e8649e94fb4fc21fe77e8310c060f61caaff8a
str_find,optimize,3,main,ok,269.0,0.301236,4844965465,1245703118,ca7475da010b469ca7da319a32b7a8e46ef04df41c07dbee596122c30631e71a,44136fa355b3678a1146ad16f7e8649e94fb4fc21fe77e8310c060f61caaff8a
str_find,optimize,3,current,ok,302.0,0.33473,4830267236,1408905908,ca7475da010b469ca7da319a32b7a8e46ef04df41c07dbee596122c30631e71a,44136fa355b3678a1146ad16f7e8649e94fb4fc21fe77e8310c060f61caaff8a
str_find,optimize,4,current,ok,302.0,0.33318,4842024381,1397015050,ca7475da010b469ca7da319a32b7a8e46ef04df41c07dbee596122c30631e71a,44136fa355b3678a1146ad16f7e8649e94fb4fc21fe77e8310c060f61caaff8a
str_find,optimize,4,main,ok,270.0,0.301499,4845179914,1257354658,ca7475da010b469ca7da319a32b7a8e46ef04df41c07dbee596122c30631e71a,44136fa355b3678a1146ad16f7e8649e94fb4fc21fe77e8310c060f61caaff8a
str_find,optimize,5,main,ok,292.0,0.323767,4797907131,1360011937,ca7475da010b469ca7da319a32b7a8e46ef04df41c07dbee596122c30631e71a,44136fa355b3678a1146ad16f7e8649e94fb4fc21fe77e8310c060f61caaff8a
str_find,optimize,5,current,ok,338.0,0.371862,4754670402,1574051729,ca7475da010b469ca7da319a32b7a8e46ef04df41c07dbee596122c30631e71a,44136fa355b3678a1146ad16f7e8649e94fb4fc21fe77e8310c060f61caaff8a
str_index,plain,1,main,ok,60.0,0.091761,1065333844,310504714,67b22b11361f8bcf0ad14b304fb733466a4b849cb180aec9e4891dd347e0fb9e,44136fa355b3678a1146ad16f7e8649e94fb4fc21fe77e8310c060f61caaff8a
str_index,plain,1,current,ok,62.0,0.095036,1084006657,325120950,67b22b11361f8bcf0ad14b304fb733466a4b849cb180aec9e4891dd347e0fb9e,44136fa355b3678a1146ad16f7e8649e94fb4fc21fe77e8310c060f61caaff8a
str_index,plain,2,current,ok,63.0,0.097364,1084000846,326514216,67b22b11361f8bcf0ad14b304fb733466a4b849cb180aec9e4891dd347e0fb9e,44136fa355b3678a1146ad16f7e8649e94fb4fc21fe77e8310c060f61caaff8a
str_index,plain,2,main,ok,60.0,0.09382,1065306683,309464376,67b22b11361f8bcf0ad14b304fb733466a4b849cb180aec9e4891dd347e0fb9e,44136fa355b3678a1146ad16f7e8649e94fb4fc21fe77e8310c060f61caaff8a
str_index,plain,3,main,ok,59.0,0.09196,1065299870,310620634,67b22b11361f8bcf0ad14b304fb733466a4b849cb180aec9e4891dd347e0fb9e,44136fa355b3678a1146ad16f7e8649e94fb4fc21fe77e8310c060f61caaff8a
str_index,plain,3,current,ok,63.0,0.095121,1083997655,331226123,67b22b11361f8bcf0ad14b304fb733466a4b849cb180aec9e4891dd347e0fb9e,44136fa355b3678a1146ad16f7e8649e94fb4fc21fe77e8310c060f61caaff8a
str_index,plain,4,current,ok,67.0,0.10184,1083999109,348637684,67b22b11361f8bcf0ad14b304fb733466a4b849cb180aec9e4891dd347e0fb9e,44136fa355b3678a1146ad16f7e8649e94fb4fc21fe77e8310c060f61caaff8a
str_index,plain,4,main,ok,59.0,0.090502,1065312492,308070975,67b22b11361f8bcf0ad14b304fb733466a4b849cb180aec9e4891dd347e0fb9e,44136fa355b3678a1146ad16f7e8649e94fb4fc21fe77e8310c060f61caaff8a
str_index,plain,5,main,ok,60.0,0.092846,1065305788,307327902,67b22b11361f8bcf0ad14b304fb733466a4b849cb180aec9e4891dd347e0fb9e,44136fa355b3678a1146ad16f7e8649e94fb4fc21fe77e8310c060f61caaff8a
str_index,plain,5,current,ok,64.0,0.096686,1083999154,325121248,67b22b11361f8bcf0ad14b304fb733466a4b849cb180aec9e4891dd347e0fb9e,44136fa355b3678a1146ad16f7e8649e94fb4fc21fe77e8310c060f61caaff8a
str_index,optimize,1,main,ok,62.0,0.092828,1065618643,316564804,67b22b11361f8bcf0ad14b304fb733466a4b849cb180aec9e4891dd347e0fb9e,44136fa355b3678a1146ad16f7e8649e94fb4fc21fe77e8310c060f61caaff8a
str_index,optimize,1,current,ok,63.0,0.096836,1084331626,323618716,67b22b11361f8bcf0ad14b304fb733466a4b849cb180aec9e4891dd347e0fb9e,44136fa355b3678a1146ad16f7e8649e94fb4fc21fe77e8310c060f61caaff8a
str_index,optimize,2,current,ok,68.0,0.100498,1084351289,352541338,67b22b11361f8bcf0ad14b304fb733466a4b849cb180aec9e4891dd347e0fb9e,44136fa355b3678a1146ad16f7e8649e94fb4fc21fe77e8310c060f61caaff8a
str_index,optimize,2,main,ok,61.0,0.094393,1065627299,314183743,67b22b11361f8bcf0ad14b304fb733466a4b849cb180aec9e4891dd347e0fb9e,44136fa355b3678a1146ad16f7e8649e94fb4fc21fe77e8310c060f61caaff8a
str_index,optimize,3,main,ok,61.0,0.092612,1065619443,312059105,67b22b11361f8bcf0ad14b304fb733466a4b849cb180aec9e4891dd347e0fb9e,44136fa355b3678a1146ad16f7e8649e94fb4fc21fe77e8310c060f61caaff8a
str_index,optimize,3,current,ok,65.0,0.098253,1084319647,330968012,67b22b11361f8bcf0ad14b304fb733466a4b849cb180aec9e4891dd347e0fb9e,44136fa355b3678a1146ad16f7e8649e94fb4fc21fe77e8310c060f61caaff8a
str_index,optimize,4,current,ok,65.0,0.096655,1084333559,331130876,67b22b11361f8bcf0ad14b304fb733466a4b849cb180aec9e4891dd347e0fb9e,44136fa355b3678a1146ad16f7e8649e94fb4fc21fe77e8310c060f61caaff8a
str_index,optimize,4,main,ok,61.0,0.092017,1065626630,311211665,67b22b11361f8bcf0ad14b304fb733466a4b849cb180aec9e4891dd347e0fb9e,44136fa355b3678a1146ad16f7e8649e94fb4fc21fe77e8310c060f61caaff8a
str_index,optimize,5,main,ok,61.0,0.094067,1065615348,316812229,67b22b11361f8bcf0ad14b304fb733466a4b849cb180aec9e4891dd347e0fb9e,44136fa355b3678a1146ad16f7e8649e94fb4fc21fe77e8310c060f61caaff8a
str_index,optimize,5,current,ok,63.0,0.094397,1084351134,324178203,67b22b11361f8bcf0ad14b304fb733466a4b849cb180aec9e4891dd347e0fb9e,44136fa355b3678a1146ad16f7e8649e94fb4fc21fe77e8310c060f61caaff8a
table_compare,plain,1,main,ok,4595.0,9.266965,53479148379,30853542970,4278f60e47e736be3ddc626a8116fc9036b2f9943260cfc44399393b163b5922,44136fa355b3678a1146ad16f7e8649e94fb4fc21fe77e8310c060f61caaff8a
table_compare,plain,1,current,ok,3055.0,6.616863,47046191276,22822344262,4278f60e47e736be3ddc626a8116fc9036b2f9943260cfc44399393b163b5922,44136fa355b3678a1146ad16f7e8649e94fb4fc21fe77e8310c060f61caaff8a
table_compare,plain,2,current,ok,3046.0,6.557856,47073446252,22580220270,4278f60e47e736be3ddc626a8116fc9036b2f9943260cfc44399393b163b5922,44136fa355b3678a1146ad16f7e8649e94fb4fc21fe77e8310c060f61caaff8a
table_compare,plain,2,main,ok,4442.0,8.988326,53477903613,30209920623,4278f60e47e736be3ddc626a8116fc9036b2f9943260cfc44399393b163b5922,44136fa355b3678a1146ad16f7e8649e94fb4fc21fe77e8310c060f61caaff8a
table_compare,plain,3,main,ok,4728.0,9.493907,53482064569,31472991078,4278f60e47e736be3ddc626a8116fc9036b2f9943260cfc44399393b163b5922,44136fa355b3678a1146ad16f7e8649e94fb4fc21fe77e8310c060f61caaff8a
table_compare,plain,3,current,ok,3069.0,6.6358,47037614056,22888474143,4278f60e47e736be3ddc626a8116fc9036b2f9943260cfc44399393b163b5922,44136fa355b3678a1146ad16f7e8649e94fb4fc21fe77e8310c060f61caaff8a
table_compare,optimize,1,main,ok,4418.0,9.053184,52602645653,30258828676,4278f60e47e736be3ddc626a8116fc9036b2f9943260cfc44399393b163b5922,44136fa355b3678a1146ad16f7e8649e94fb4fc21fe77e8310c060f61caaff8a
table_compare,optimize,1,current,ok,3073.0,6.580218,46462728017,22674901930,4278f60e47e736be3ddc626a8116fc9036b2f9943260cfc44399393b163b5922,44136fa355b3678a1146ad16f7e8649e94fb4fc21fe77e8310c060f61caaff8a
table_compare,optimize,2,current,ok,3245.0,6.861184,46477593608,23258475482,4278f60e47e736be3ddc626a8116fc9036b2f9943260cfc44399393b163b5922,44136fa355b3678a1146ad16f7e8649e94fb4fc21fe77e8310c060f61caaff8a
table_compare,optimize,2,main,ok,4442.0,8.990495,52598375373,29986123515,4278f60e47e736be3ddc626a8116fc9036b2f9943260cfc44399393b163b5922,44136fa355b3678a1146ad16f7e8649e94fb4fc21fe77e8310c060f61caaff8a
table_compare,optimize,3,main,ok,4458.0,8.942201,52596557557,29972196558,4278f60e47e736be3ddc626a8116fc9036b2f9943260cfc44399393b163b5922,44136fa355b3678a1146ad16f7e8649e94fb4fc21fe77e8310c060f61caaff8a
table_compare,optimize,3,current,ok,3174.0,6.712212,46463643882,23020616033,4278f60e47e736be3ddc626a8116fc9036b2f9943260cfc44399393b163b5922,44136fa355b3678a1146ad16f7e8649e94fb4fc21fe77e8310c060f61caaff8a
table_compare2,plain,1,main,ok,837.0,4.042997,35099817833,15688357896,8c55171e6a28e212c47e0103fca037d693f83c9f50f47de611f44db53733ee76,44136fa355b3678a1146ad16f7e8649e94fb4fc21fe77e8310c060f61caaff8a
table_compare2,plain,1,current,ok,783.0,3.986206,35497363570,15666204190,8c55171e6a28e212c47e0103fca037d693f83c9f50f47de611f44db53733ee76,44136fa355b3678a1146ad16f7e8649e94fb4fc21fe77e8310c060f61caaff8a
table_compare2,plain,2,current,ok,799.0,3.999967,35511632266,15865209748,8c55171e6a28e212c47e0103fca037d693f83c9f50f47de611f44db53733ee76,44136fa355b3678a1146ad16f7e8649e94fb4fc21fe77e8310c060f61caaff8a
table_compare2,plain,2,main,ok,774.0,3.791397,35097479433,14858280642,8c55171e6a28e212c47e0103fca037d693f83c9f50f47de611f44db53733ee76,44136fa355b3678a1146ad16f7e8649e94fb4fc21fe77e8310c060f61caaff8a
table_compare2,plain,3,main,ok,780.0,3.882134,35099299945,15264793147,8c55171e6a28e212c47e0103fca037d693f83c9f50f47de611f44db53733ee76,44136fa355b3678a1146ad16f7e8649e94fb4fc21fe77e8310c060f61caaff8a
table_compare2,plain,3,current,ok,786.0,4.029806,35507441301,15946268870,8c55171e6a28e212c47e0103fca037d693f83c9f50f47de611f44db53733ee76,44136fa355b3678a1146ad16f7e8649e94fb4fc21fe77e8310c060f61caaff8a
table_compare2,optimize,1,main,ok,773.0,3.779261,34413573506,14818988851,8c55171e6a28e212c47e0103fca037d693f83c9f50f47de611f44db53733ee76,44136fa355b3678a1146ad16f7e8649e94fb4fc21fe77e8310c060f61caaff8a
table_compare2,optimize,1,current,ok,797.0,3.920002,34628686143,15436428917,8c55171e6a28e212c47e0103fca037d693f83c9f50f47de611f44db53733ee76,44136fa355b3678a1146ad16f7e8649e94fb4fc21fe77e8310c060f61caaff8a
table_compare2,optimize,2,current,ok,791.0,3.898644,34638136727,15399566007,8c55171e6a28e212c47e0103fca037d693f83c9f50f47de611f44db53733ee76,44136fa355b3678a1146ad16f7e8649e94fb4fc21fe77e8310c060f61caaff8a
table_compare2,optimize,2,main,ok,764.0,3.78361,34423709755,14815529050,8c55171e6a28e212c47e0103fca037d693f83c9f50f47de611f44db53733ee76,44136fa355b3678a1146ad16f7e8649e94fb4fc21fe77e8310c060f61caaff8a
table_compare2,optimize,3,main,ok,780.0,3.837697,34408450534,15083652712,8c55171e6a28e212c47e0103fca037d693f83c9f50f47de611f44db53733ee76,44136fa355b3678a1146ad16f7e8649e94fb4fc21fe77e8310c060f61caaff8a
table_compare2,optimize,3,current,ok,795.0,4.051652,34636929863,16091992341,8c55171e6a28e212c47e0103fca037d693f83c9f50f47de611f44db53733ee76,44136fa355b3678a1146ad16f7e8649e94fb4fc21fe77e8310c060f61caaff8a
table_save_load,plain,1,main,ok,1308.0,4.045408,40170938888,14368759999,85f3c84bb41350f3e26d25d206e75ec513cb4eae1202b1e464265caf82b11cb7,05d029c7b0f027a35c9ff1a6efba82c816ac08fb4fcfa6cf0c3f7035d69b458a
table_save_load,plain,1,current,ok,1286.0,4.099016,40470219288,14671432323,85f3c84bb41350f3e26d25d206e75ec513cb4eae1202b1e464265caf82b11cb7,05d029c7b0f027a35c9ff1a6efba82c816ac08fb4fcfa6cf0c3f7035d69b458a
table_save_load,plain,2,current,ok,1399.0,4.257085,40470221262,15047268364,85f3c84bb41350f3e26d25d206e75ec513cb4eae1202b1e464265caf82b11cb7,05d029c7b0f027a35c9ff1a6efba82c816ac08fb4fcfa6cf0c3f7035d69b458a
table_save_load,plain,2,main,ok,1290.0,4.002716,40171115198,14288641423,85f3c84bb41350f3e26d25d206e75ec513cb4eae1202b1e464265caf82b11cb7,05d029c7b0f027a35c9ff1a6efba82c816ac08fb4fcfa6cf0c3f7035d69b458a
table_save_load,plain,3,main,ok,1332.0,4.05591,40171389576,14510337571,85f3c84bb41350f3e26d25d206e75ec513cb4eae1202b1e464265caf82b11cb7,05d029c7b0f027a35c9ff1a6efba82c816ac08fb4fcfa6cf0c3f7035d69b458a
table_save_load,plain,3,current,ok,1272.0,3.989007,40473071004,14345134359,85f3c84bb41350f3e26d25d206e75ec513cb4eae1202b1e464265caf82b11cb7,05d029c7b0f027a35c9ff1a6efba82c816ac08fb4fcfa6cf0c3f7035d69b458a
table_save_load,optimize,1,main,ok,1336.0,4.072591,39836176431,14407974947,85f3c84bb41350f3e26d25d206e75ec513cb4eae1202b1e464265caf82b11cb7,05d029c7b0f027a35c9ff1a6efba82c816ac08fb4fcfa6cf0c3f7035d69b458a
table_save_load,optimize,1,current,ok,1305.0,4.021853,40044012452,14366671794,85f3c84bb41350f3e26d25d206e75ec513cb4eae1202b1e464265caf82b11cb7,05d029c7b0f027a35c9ff1a6efba82c816ac08fb4fcfa6cf0c3f7035d69b458a
table_save_load,optimize,2,current,ok,1298.0,4.044048,40050717883,14514968092,85f3c84bb41350f3e26d25d206e75ec513cb4eae1202b1e464265caf82b11cb7,05d029c7b0f027a35c9ff1a6efba82c816ac08fb4fcfa6cf0c3f7035d69b458a
table_save_load,optimize,2,main,ok,1342.0,4.055666,39836425291,14238907260,85f3c84bb41350f3e26d25d206e75ec513cb4eae1202b1e464265caf82b11cb7,05d029c7b0f027a35c9ff1a6efba82c816ac08fb4fcfa6cf0c3f7035d69b458a
table_save_load,optimize,3,main,ok,1378.0,4.088969,39837597845,14327567159,85f3c84bb41350f3e26d25d206e75ec513cb4eae1202b1e464265caf82b11cb7,05d029c7b0f027a35c9ff1a6efba82c816ac08fb4fcfa6cf0c3f7035d69b458a
table_save_load,optimize,3,current,ok,1369.0,4.062104,40049223933,14222914974,85f3c84bb41350f3e26d25d206e75ec513cb4eae1202b1e464265caf82b11cb7,05d029c7b0f027a35c9ff1a6efba82c816ac08fb4fcfa6cf0c3f7035d69b458a
table_sort,plain,1,main,ok,68.0,0.231617,2034607072,871608835,fa9764551ae016af0f759ca787855435fd9a6e8a19a8038387ae84bb591b2f84,44136fa355b3678a1146ad16f7e8649e94fb4fc21fe77e8310c060f61caaff8a
table_sort,plain,1,current,ok,71.0,0.229539,2051347512,868381699,fa9764551ae016af0f759ca787855435fd9a6e8a19a8038387ae84bb591b2f84,44136fa355b3678a1146ad16f7e8649e94fb4fc21fe77e8310c060f61caaff8a
table_sort,plain,2,current,ok,71.0,0.231792,2051334351,876108009,fa9764551ae016af0f759ca787855435fd9a6e8a19a8038387ae84bb591b2f84,44136fa355b3678a1146ad16f7e8649e94fb4fc21fe77e8310c060f61caaff8a
table_sort,plain,2,main,ok,69.0,0.229085,2034601300,861924349,fa9764551ae016af0f759ca787855435fd9a6e8a19a8038387ae84bb591b2f84,44136fa355b3678a1146ad16f7e8649e94fb4fc21fe77e8310c060f61caaff8a
table_sort,plain,3,main,ok,69.0,0.245547,2034611720,896269696,fa9764551ae016af0f759ca787855435fd9a6e8a19a8038387ae84bb591b2f84,44136fa355b3678a1146ad16f7e8649e94fb4fc21fe77e8310c060f61caaff8a
table_sort,plain,3,current,ok,76.0,0.239327,2051749773,913311924,fa9764551ae016af0f759ca787855435fd9a6e8a19a8038387ae84bb591b2f84,44136fa355b3678a1146ad16f7e8649e94fb4fc21fe77e8310c060f61caaff8a
table_sort,plain,4,current,ok,80.0,0.239255,2051340117,913947286,fa9764551ae016af0f759ca787855435fd9a6e8a19a8038387ae84bb591b2f84,44136fa355b3678a1146ad16f7e8649e94fb4fc21fe77e8310c060f61caaff8a
table_sort,plain,4,main,ok,68.0,0.229492,2034600794,873664925,fa9764551ae016af0f759ca787855435fd9a6e8a19a8038387ae84bb591b2f84,44136fa355b3678a1146ad16f7e8649e94fb4fc21fe77e8310c060f61caaff8a
table_sort,plain,5,main,ok,70.0,0.233751,2034590907,876901353,fa9764551ae016af0f759ca787855435fd9a6e8a19a8038387ae84bb591b2f84,44136fa355b3678a1146ad16f7e8649e94fb4fc21fe77e8310c060f61caaff8a
table_sort,plain,5,current,ok,74.0,0.238699,2052538274,914417469,fa9764551ae016af0f759ca787855435fd9a6e8a19a8038387ae84bb591b2f84,44136fa355b3678a1146ad16f7e8649e94fb4fc21fe77e8310c060f61caaff8a
table_sort,optimize,1,main,ok,70.0,0.224454,1971808766,848895766,fa9764551ae016af0f759ca787855435fd9a6e8a19a8038387ae84bb591b2f84,44136fa355b3678a1146ad16f7e8649e94fb4fc21fe77e8310c060f61caaff8a
table_sort,optimize,1,current,ok,72.0,0.227392,1984715270,864494740,fa9764551ae016af0f759ca787855435fd9a6e8a19a8038387ae84bb591b2f84,44136fa355b3678a1146ad16f7e8649e94fb4fc21fe77e8310c060f61caaff8a
table_sort,optimize,2,current,ok,73.0,0.230594,1984705376,866467182,fa9764551ae016af0f759ca787855435fd9a6e8a19a8038387ae84bb591b2f84,44136fa355b3678a1146ad16f7e8649e94fb4fc21fe77e8310c060f61caaff8a
table_sort,optimize,2,main,ok,70.0,0.228062,1971825115,864614989,fa9764551ae016af0f759ca787855435fd9a6e8a19a8038387ae84bb591b2f84,44136fa355b3678a1146ad16f7e8649e94fb4fc21fe77e8310c060f61caaff8a
table_sort,optimize,3,main,ok,71.0,0.227508,1971836723,854205608,fa9764551ae016af0f759ca787855435fd9a6e8a19a8038387ae84bb591b2f84,44136fa355b3678a1146ad16f7e8649e94fb4fc21fe77e8310c060f61caaff8a
table_sort,optimize,3,current,ok,74.0,0.232561,1984722909,886284887,fa9764551ae016af0f759ca787855435fd9a6e8a19a8038387ae84bb591b2f84,44136fa355b3678a1146ad16f7e8649e94fb4fc21fe77e8310c060f61caaff8a
table_sort,optimize,4,current,ok,70.0,0.227866,1984705228,862539797,fa9764551ae016af0f759ca787855435fd9a6e8a19a8038387ae84bb591b2f84,44136fa355b3678a1146ad16f7e8649e94fb4fc21fe77e8310c060f61caaff8a
table_sort,optimize,4,main,ok,72.0,0.229026,1971818906,869518504,fa9764551ae016af0f759ca787855435fd9a6e8a19a8038387ae84bb591b2f84,44136fa355b3678a1146ad16f7e8649e94fb4fc21fe77e8310c060f61caaff8a
table_sort,optimize,5,main,ok,72.0,0.233002,1971812078,876758848,fa9764551ae016af0f759ca787855435fd9a6e8a19a8038387ae84bb591b2f84,44136fa355b3678a1146ad16f7e8649e94fb4fc21fe77e8310c060f61caaff8a
table_sort,optimize,5,current,ok,76.0,0.234911,1985501259,889846124,fa9764551ae016af0f759ca787855435fd9a6e8a19a8038387ae84bb591b2f84,44136fa355b3678a1146ad16f7e8649e94fb4fc21fe77e8310c060f61caaff8a
table_total,plain,1,main,ok,52.0,0.083018,880668117,259538753,b51092e3e44c477d7db20a4cf1344a5b0f7041c5bce4747cb3453ba5dbd0e053,44136fa355b3678a1146ad16f7e8649e94fb4fc21fe77e8310c060f61caaff8a
table_total,plain,1,current,ok,55.0,0.085404,901958402,276132834,b51092e3e44c477d7db20a4cf1344a5b0f7041c5bce4747cb3453ba5dbd0e053,44136fa355b3678a1146ad16f7e8649e94fb4fc21fe77e8310c060f61caaff8a
table_total,plain,2,current,ok,56.0,0.088174,901959621,278276342,b51092e3e44c477d7db20a4cf1344a5b0f7041c5bce4747cb3453ba5dbd0e053,44136fa355b3678a1146ad16f7e8649e94fb4fc21fe77e8310c060f61caaff8a
table_total,plain,2,main,ok,51.0,0.082719,879031510,255344940,b51092e3e44c477d7db20a4cf1344a5b0f7041c5bce4747cb3453ba5dbd0e053,44136fa355b3678a1146ad16f7e8649e94fb4fc21fe77e8310c060f61caaff8a
table_total,plain,3,main,ok,52.0,0.084885,882032499,260305269,b51092e3e44c477d7db20a4cf1344a5b0f7041c5bce4747cb3453ba5dbd0e053,44136fa355b3678a1146ad16f7e8649e94fb4fc21fe77e8310c060f61caaff8a
table_total,plain,3,current,ok,57.0,0.089605,901954669,287525280,b51092e3e44c477d7db20a4cf1344a5b0f7041c5bce4747cb3453ba5dbd0e053,44136fa355b3678a1146ad16f7e8649e94fb4fc21fe77e8310c060f61caaff8a
table_total,plain,4,current,ok,56.0,0.088906,901971025,277174681,b51092e3e44c477d7db20a4cf1344a5b0f7041c5bce4747cb3453ba5dbd0e053,44136fa355b3678a1146ad16f7e8649e94fb4fc21fe77e8310c060f61caaff8a
table_total,plain,4,main,ok,50.0,0.082261,880637579,251168682,b51092e3e44c477d7db20a4cf1344a5b0f7041c5bce4747cb3453ba5dbd0e053,44136fa355b3678a1146ad16f7e8649e94fb4fc21fe77e8310c060f61caaff8a
table_total,plain,5,main,ok,56.0,0.088231,879033118,279902417,b51092e3e44c477d7db20a4cf1344a5b0f7041c5bce4747cb3453ba5dbd0e053,44136fa355b3678a1146ad16f7e8649e94fb4fc21fe77e8310c060f61caaff8a
table_total,plain,5,current,ok,57.0,0.0898,901961815,280220266,b51092e3e44c477d7db20a4cf1344a5b0f7041c5bce4747cb3453ba5dbd0e053,44136fa355b3678a1146ad16f7e8649e94fb4fc21fe77e8310c060f61caaff8a
table_total,optimize,1,main,ok,43.0,0.074123,780273841,213151649,b51092e3e44c477d7db20a4cf1344a5b0f7041c5bce4747cb3453ba5dbd0e053,44136fa355b3678a1146ad16f7e8649e94fb4fc21fe77e8310c060f61caaff8a
table_total,optimize,1,current,ok,45.0,0.076955,797614070,229180004,b51092e3e44c477d7db20a4cf1344a5b0f7041c5bce4747cb3453ba5dbd0e053,44136fa355b3678a1146ad16f7e8649e94fb4fc21fe77e8310c060f61caaff8a
table_total,optimize,2,current,ok,45.0,0.076722,797589032,228933692,b51092e3e44c477d7db20a4cf1344a5b0f7041c5bce4747cb3453ba5dbd0e053,44136fa355b3678a1146ad16f7e8649e94fb4fc21fe77e8310c060f61caaff8a
table_total,optimize,2,main,ok,42.0,0.074584,780246574,213818019,b51092e3e44c477d7db20a4cf1344a5b0f7041c5bce4747cb3453ba5dbd0e053,44136fa355b3678a1146ad16f7e8649e94fb4fc21fe77e8310c060f61caaff8a
table_total,optimize,3,main,ok,44.0,0.075278,780250641,224986346,b51092e3e44c477d7db20a4cf1344a5b0f7041c5bce4747cb3453ba5dbd0e053,44136fa355b3678a1146ad16f7e8649e94fb4fc21fe77e8310c060f61caaff8a
table_total,optimize,3,current,ok,46.0,0.077789,797589481,229449836,b51092e3e44c477d7db20a4cf1344a5b0f7041c5bce4747cb3453ba5dbd0e053,44136fa355b3678a1146ad16f7e8649e94fb4fc21fe77e8310c060f61caaff8a
table_total,optimize,4,current,ok,45.0,0.0776,797597735,231103996,b51092e3e44c477d7db20a4cf1344a5b0f7041c5bce4747cb3453ba5dbd0e053,44136fa355b3678a1146ad16f7e8649e94fb4fc21fe77e8310c060f61caaff8a
table_total,optimize,4,main,ok,42.0,0.073294,780261778,213881734,b51092e3e44c477d7db20a4cf1344a5b0f7041c5bce4747cb3453ba5dbd0e053,44136fa355b3678a1146ad16f7e8649e94fb4fc21fe77e8310c060f61caaff8a
table_total,optimize,5,main,ok,44.0,0.076768,780259739,225694263,b51092e3e44c477d7db20a4cf1344a5b0f7041c5bce4747cb3453ba5dbd0e053,44136fa355b3678a1146ad16f7e8649e94fb4fc21fe77e8310c060f61caaff8a
table_total,optimize,5,current,ok,45.0,0.076037,797586729,226344351,b51092e3e44c477d7db20a4cf1344a5b0f7041c5bce4747cb3453ba5dbd0e053,44136fa355b3678a1146ad16f7e8649e94fb4fc21fe77e8310c060f61caaff8a
textdoc_invoice,plain,1,main,ok,1066.0,1.151809,14358938030,4946636617,e661524d116c17b56f6f36ee1f1a44aabbb7b2045267c335f011caf801267069,40ce75d7fed48d647c99d1d0102b667ff491c20b6c90d3c2161f800b41cd3669
textdoc_invoice,plain,1,current,ok,1046.0,1.139467,14564558624,4858274398,e661524d116c17b56f6f36ee1f1a44aabbb7b2045267c335f011caf801267069,40ce75d7fed48d647c99d1d0102b667ff491c20b6c90d3c2161f800b41cd3669
textdoc_invoice,plain,2,current,ok,1012.0,1.101969,14220960212,4712765788,e661524d116c17b56f6f36ee1f1a44aabbb7b2045267c335f011caf801267069,40ce75d7fed48d647c99d1d0102b667ff491c20b6c90d3c2161f800b41cd3669
textdoc_invoice,plain,2,main,ok,1028.0,1.109469,14177551635,4741716953,e661524d116c17b56f6f36ee1f1a44aabbb7b2045267c335f011caf801267069,40ce75d7fed48d647c99d1d0102b667ff491c20b6c90d3c2161f800b41cd3669
textdoc_invoice,plain,3,main,ok,1067.0,1.155354,14531122366,4972851103,e661524d116c17b56f6f36ee1f1a44aabbb7b2045267c335f011caf801267069,40ce75d7fed48d647c99d1d0102b667ff491c20b6c90d3c2161f800b41cd3669
textdoc_invoice,plain,3,current,ok,1029.0,1.114206,14323035886,4793868188,e661524d116c17b56f6f36ee1f1a44aabbb7b2045267c335f011caf801267069,40ce75d7fed48d647c99d1d0102b667ff491c20b6c90d3c2161f800b41cd3669
textdoc_invoice,plain,4,current,ok,1028.0,1.116162,14336341355,4796350865,e661524d116c17b56f6f36ee1f1a44aabbb7b2045267c335f011caf801267069,40ce75d7fed48d647c99d1d0102b667ff491c20b6c90d3c2161f800b41cd3669
textdoc_invoice,plain,4,main,ok,1046.0,1.130906,14345482198,4854016512,e661524d116c17b56f6f36ee1f1a44aabbb7b2045267c335f011caf801267069,40ce75d7fed48d647c99d1d0102b667ff491c20b6c90d3c2161f800b41cd3669
textdoc_invoice,plain,5,main,ok,1071.0,1.154182,14511784518,4976844021,e661524d116c17b56f6f36ee1f1a44aabbb7b2045267c335f011caf801267069,40ce75d7fed48d647c99d1d0102b667ff491c20b6c90d3c2161f800b41cd3669
textdoc_invoice,plain,5,current,ok,989.0,1.07509,14100253533,4624288598,e661524d116c17b56f6f36ee1f1a44aabbb7b2045267c335f011caf801267069,40ce75d7fed48d647c99d1d0102b667ff491c20b6c90d3c2161f800b41cd3669
textdoc_invoice,optimize,1,main,ok,1005.0,1.086993,13819862643,4685316448,e661524d116c17b56f6f36ee1f1a44aabbb7b2045267c335f011caf801267069,40ce75d7fed48d647c99d1d0102b667ff491c20b6c90d3c2161f800b41cd3669
textdoc_invoice,optimize,1,current,ok,989.0,1.077986,14137521010,4621290590,e661524d116c17b56f6f36ee1f1a44aabbb7b2045267c335f011caf801267069,40ce75d7fed48d647c99d1d0102b667ff491c20b6c90d3c2161f800b41cd3669
textdoc_invoice,optimize,2,current,ok,1020.0,1.10207,14330328519,4734740660,e661524d116c17b56f6f36ee1f1a44aabbb7b2045267c335f011caf801267069,40ce75d7fed48d647c99d1d0102b667ff491c20b6c90d3c2161f800b41cd3669
textdoc_invoice,optimize,2,main,ok,1025.0,1.112847,14099869557,4752762952,e661524d116c17b56f6f36ee1f1a44aabbb7b2045267c335f011caf801267069,40ce75d7fed48d647c99d1d0102b667ff491c20b6c90d3c2161f800b41cd3669
textdoc_invoice,optimize,3,main,ok,1058.0,1.148153,14340440757,4822595323,e661524d116c17b56f6f36ee1f1a44aabbb7b2045267c335f011caf801267069,40ce75d7fed48d647c99d1d0102b667ff491c20b6c90d3c2161f800b41cd3669
textdoc_invoice,optimize,3,current,ok,1023.0,1.111338,14215837737,4707868993,e661524d116c17b56f6f36ee1f1a44aabbb7b2045267c335f011caf801267069,40ce75d7fed48d647c99d1d0102b667ff491c20b6c90d3c2161f800b41cd3669
textdoc_invoice,optimize,4,current,ok,1073.0,1.159407,14502440666,4923867806,e661524d116c17b56f6f36ee1f1a44aabbb7b2045267c335f011caf801267069,40ce75d7fed48d647c99d1d0102b667ff491c20b6c90d3c2161f800b41cd3669
textdoc_invoice,optimize,4,main,ok,1030.0,1.117881,14051499326,4742689624,e661524d116c17b56f6f36ee1f1a44aabbb7b2045267c335f011caf801267069,40ce75d7fed48d647c99d1d0102b667ff491c20b6c90d3c2161f800b41cd3669
textdoc_invoice,optimize,5,main,ok,1020.0,1.10699,14026947531,4692511714,e661524d116c17b56f6f36ee1f1a44aabbb7b2045267c335f011caf801267069,40ce75d7fed48d647c99d1d0102b667ff491c20b6c90d3c2161f800b41cd3669
textdoc_invoice,optimize,5,current,ok,1024.0,1.109875,14247727074,4742528663,e661524d116c17b56f6f36ee1f1a44aabbb7b2045267c335f011caf801267069,40ce75d7fed48d647c99d1d0102b667ff491c20b6c90d3c2161f800b41cd3669
xml_parse,plain,1,main,ok,880.0,1.035884,12807686049,4331398698,567676119163e13db7a5a461538bb7350ac5f869260710d25716bb31096bb74b,44136fa355b3678a1146ad16f7e8649e94fb4fc21fe77e8310c060f61caaff8a
xml_parse,plain,1,current,ok,863.0,0.997412,11951672500,4260261337,567676119163e13db7a5a461538bb7350ac5f869260710d25716bb31096bb74b,44136fa355b3678a1146ad16f7e8649e94fb4fc21fe77e8310c060f61caaff8a
xml_parse,plain,2,current,ok,867.0,1.002781,11951035037,4284593571,567676119163e13db7a5a461538bb7350ac5f869260710d25716bb31096bb74b,44136fa355b3678a1146ad16f7e8649e94fb4fc21fe77e8310c060f61caaff8a
xml_parse,plain,2,main,ok,885.0,1.034437,12809247776,4334883721,567676119163e13db7a5a461538bb7350ac5f869260710d25716bb31096bb74b,44136fa355b3678a1146ad16f7e8649e94fb4fc21fe77e8310c060f61caaff8a
xml_parse,plain,3,main,ok,880.0,1.049776,12810576256,4328359682,567676119163e13db7a5a461538bb7350ac5f869260710d25716bb31096bb74b,44136fa355b3678a1146ad16f7e8649e94fb4fc21fe77e8310c060f61caaff8a
xml_parse,plain,3,current,ok,856.0,0.990191,11951050467,4235336036,567676119163e13db7a5a461538bb7350ac5f869260710d25716bb31096bb74b,44136fa355b3678a1146ad16f7e8649e94fb4fc21fe77e8310c060f61caaff8a
xml_parse,plain,4,current,ok,860.0,1.008588,11950968412,4252731896,567676119163e13db7a5a461538bb7350ac5f869260710d25716bb31096bb74b,44136fa355b3678a1146ad16f7e8649e94fb4fc21fe77e8310c060f61caaff8a
xml_parse,plain,4,main,ok,870.0,1.021774,12807687380,4279612562,567676119163e13db7a5a461538bb7350ac5f869260710d25716bb31096bb74b,44136fa355b3678a1146ad16f7e8649e94fb4fc21fe77e8310c060f61caaff8a
xml_parse,plain,5,main,ok,877.0,1.031463,12807747445,4307880418,567676119163e13db7a5a461538bb7350ac5f869260710d25716bb31096bb74b,44136fa355b3678a1146ad16f7e8649e94fb4fc21fe77e8310c060f61caaff8a
xml_parse,plain,5,current,ok,870.0,1.008756,11951023516,4311274319,567676119163e13db7a5a461538bb7350ac5f869260710d25716bb31096bb74b,44136fa355b3678a1146ad16f7e8649e94fb4fc21fe77e8310c060f61caaff8a
xml_parse,optimize,1,main,ok,831.0,0.975203,12072590347,4069607286,567676119163e13db7a5a461538bb7350ac5f869260710d25716bb31096bb74b,44136fa355b3678a1146ad16f7e8649e94fb4fc21fe77e8310c060f61caaff8a
xml_parse,optimize,1,current,ok,835.0,0.972702,11651275753,4139806545,567676119163e13db7a5a461538bb7350ac5f869260710d25716bb31096bb74b,44136fa355b3678a1146ad16f7e8649e94fb4fc21fe77e8310c060f61caaff8a
xml_parse,optimize,2,current,ok,839.0,0.978299,11650579007,4167242401,567676119163e13db7a5a461538bb7350ac5f869260710d25716bb31096bb74b,44136fa355b3678a1146ad16f7e8649e94fb4fc21fe77e8310c060f61caaff8a
xml_parse,optimize,2,main,ok,842.0,0.993381,12074579815,4068999152,567676119163e13db7a5a461538bb7350ac5f869260710d25716bb31096bb74b,44136fa355b3678a1146ad16f7e8649e94fb4fc21fe77e8310c060f61caaff8a
xml_parse,optimize,3,main,ok,865.0,1.027766,12075965826,4152027442,567676119163e13db7a5a461538bb7350ac5f869260710d25716bb31096bb74b,44136fa355b3678a1146ad16f7e8649e94fb4fc21fe77e8310c060f61caaff8a
xml_parse,optimize,3,current,ok,883.0,1.023041,11650571027,4282145070,567676119163e13db7a5a461538bb7350ac5f869260710d25716bb31096bb74b,44136fa355b3678a1146ad16f7e8649e94fb4fc21fe77e8310c060f61caaff8a
xml_parse,optimize,4,current,ok,867.0,1.022151,11650690065,4245745670,567676119163e13db7a5a461538bb7350ac5f869260710d25716bb31096bb74b,44136fa355b3678a1146ad16f7e8649e94fb4fc21fe77e8310c060f61caaff8a
xml_parse,optimize,4,main,ok,849.0,0.997539,12075972595,4119858777,567676119163e13db7a5a461538bb7350ac5f869260710d25716bb31096bb74b,44136fa355b3678a1146ad16f7e8649e94fb4fc21fe77e8310c060f61caaff8a
xml_parse,optimize,5,main,ok,843.0,1.003414,12080005254,4126439645,567676119163e13db7a5a461538bb7350ac5f869260710d25716bb31096bb74b,44136fa355b3678a1146ad16f7e8649e94fb4fc21fe77e8310c060f61caaff8a
xml_parse,optimize,5,current,ok,832.0,0.974736,11650571334,4134954651,567676119163e13db7a5a461538bb7350ac5f869260710d25716bb31096bb74b,44136fa355b3678a1146ad16f7e8649e94fb4fc21fe77e8310c060f61caaff8a
xml_write,plain,1,main,ok,336.0,0.370475,4599287535,1419975899,b4c8347f3b433b30a596a65720a116a83cb03510d8231ae5d7926e3a29782fa1,44136fa355b3678a1146ad16f7e8649e94fb4fc21fe77e8310c060f61caaff8a
xml_write,plain,1,current,ok,291.0,0.324871,3894439501,1215474432,b4c8347f3b433b30a596a65720a116a83cb03510d8231ae5d7926e3a29782fa1,44136fa355b3678a1146ad16f7e8649e94fb4fc21fe77e8310c060f61caaff8a
xml_write,plain,2,current,ok,292.0,0.325676,3895801795,1225125274,b4c8347f3b433b30a596a65720a116a83cb03510d8231ae5d7926e3a29782fa1,44136fa355b3678a1146ad16f7e8649e94fb4fc21fe77e8310c060f61caaff8a
xml_write,plain,2,main,ok,338.0,0.372106,4598991435,1431062336,b4c8347f3b433b30a596a65720a116a83cb03510d8231ae5d7926e3a29782fa1,44136fa355b3678a1146ad16f7e8649e94fb4fc21fe77e8310c060f61caaff8a
xml_write,plain,3,main,ok,339.0,0.371543,4600384187,1429982611,b4c8347f3b433b30a596a65720a116a83cb03510d8231ae5d7926e3a29782fa1,44136fa355b3678a1146ad16f7e8649e94fb4fc21fe77e8310c060f61caaff8a
xml_write,plain,3,current,ok,290.0,0.323672,3895747838,1210345160,b4c8347f3b433b30a596a65720a116a83cb03510d8231ae5d7926e3a29782fa1,44136fa355b3678a1146ad16f7e8649e94fb4fc21fe77e8310c060f61caaff8a
xml_write,plain,4,current,ok,292.0,0.329682,3895058884,1230826716,b4c8347f3b433b30a596a65720a116a83cb03510d8231ae5d7926e3a29782fa1,44136fa355b3678a1146ad16f7e8649e94fb4fc21fe77e8310c060f61caaff8a
xml_write,plain,4,main,ok,346.0,0.380063,4598902422,1457810820,b4c8347f3b433b30a596a65720a116a83cb03510d8231ae5d7926e3a29782fa1,44136fa355b3678a1146ad16f7e8649e94fb4fc21fe77e8310c060f61caaff8a
xml_write,plain,5,main,ok,340.0,0.372792,4599234173,1431595106,b4c8347f3b433b30a596a65720a116a83cb03510d8231ae5d7926e3a29782fa1,44136fa355b3678a1146ad16f7e8649e94fb4fc21fe77e8310c060f61caaff8a
xml_write,plain,5,current,ok,296.0,0.329851,3894444865,1240752466,b4c8347f3b433b30a596a65720a116a83cb03510d8231ae5d7926e3a29782fa1,44136fa355b3678a1146ad16f7e8649e94fb4fc21fe77e8310c060f61caaff8a
xml_write,optimize,1,main,ok,317.0,0.352004,4353073240,1334872311,b4c8347f3b433b30a596a65720a116a83cb03510d8231ae5d7926e3a29782fa1,44136fa355b3678a1146ad16f7e8649e94fb4fc21fe77e8310c060f61caaff8a
xml_write,optimize,1,current,ok,290.0,0.325324,3892357550,1217460193,b4c8347f3b433b30a596a65720a116a83cb03510d8231ae5d7926e3a29782fa1,44136fa355b3678a1146ad16f7e8649e94fb4fc21fe77e8310c060f61caaff8a
xml_write,optimize,2,current,ok,290.0,0.323523,3893002660,1219766583,b4c8347f3b433b30a596a65720a116a83cb03510d8231ae5d7926e3a29782fa1,44136fa355b3678a1146ad16f7e8649e94fb4fc21fe77e8310c060f61caaff8a
xml_write,optimize,2,main,ok,316.0,0.36061,4347450795,1333108590,b4c8347f3b433b30a596a65720a116a83cb03510d8231ae5d7926e3a29782fa1,44136fa355b3678a1146ad16f7e8649e94fb4fc21fe77e8310c060f61caaff8a
xml_write,optimize,3,main,ok,322.0,0.355546,4350021777,1353180606,b4c8347f3b433b30a596a65720a116a83cb03510d8231ae5d7926e3a29782fa1,44136fa355b3678a1146ad16f7e8649e94fb4fc21fe77e8310c060f61caaff8a
xml_write,optimize,3,current,ok,294.0,0.327693,3894417668,1230479976,b4c8347f3b433b30a596a65720a116a83cb03510d8231ae5d7926e3a29782fa1,44136fa355b3678a1146ad16f7e8649e94fb4fc21fe77e8310c060f61caaff8a
xml_write,optimize,4,current,ok,292.0,0.32607,3893092444,1211421079,b4c8347f3b433b30a596a65720a116a83cb03510d8231ae5d7926e3a29782fa1,44136fa355b3678a1146ad16f7e8649e94fb4fc21fe77e8310c060f61caaff8a
xml_write,optimize,4,main,ok,321.0,0.356307,4348997639,1359504748,b4c8347f3b433b30a596a65720a116a83cb03510d8231ae5d7926e3a29782fa1,44136fa355b3678a1146ad16f7e8649e94fb4fc21fe77e8310c060f61caaff8a
xml_write,optimize,5,main,ok,320.0,0.356418,4353314540,1353200233,b4c8347f3b433b30a596a65720a116a83cb03510d8231ae5d7926e3a29782fa1,44136fa355b3678a1146ad16f7e8649e94fb4fc21fe77e8310c060f61caaff8a
xml_write,optimize,5,current,ok,292.0,0.327655,3893801430,1221911638,b4c8347f3b433b30a596a65720a116a83cb03510d8231ae5d7926e3a29782fa1,44136fa355b3678a1146ad16f7e8649e94fb4fc21fe77e8310c060f61caaff8a
zip_read,plain,1,main,ok,19.0,0.060521,253827051,110071171,a0f47fe244379a5f93475a17011b2afbf8aea9f989a89c56970ae92af0ca9edc,85ea5c99ddb00e9c75fcb64a872797dbcabfec9c6fdcf01241ca8869879e6531
zip_read,plain,1,current,ok,19.0,0.057484,260962071,112857850,a0f47fe244379a5f93475a17011b2afbf8aea9f989a89c56970ae92af0ca9edc,85ea5c99ddb00e9c75fcb64a872797dbcabfec9c6fdcf01241ca8869879e6531
zip_read,plain,2,current,ok,19.0,0.059014,260946389,112314199,a0f47fe244379a5f93475a17011b2afbf8aea9f989a89c56970ae92af0ca9edc,85ea5c99ddb00e9c75fcb64a872797dbcabfec9c6fdcf01241ca8869879e6531
zip_read,plain,2,main,ok,18.0,0.059459,253809768,108940558,a0f47fe244379a5f93475a17011b2afbf8aea9f989a89c56970ae92af0ca9edc,85ea5c99ddb00e9c75fcb64a872797dbcabfec9c6fdcf01241ca8869879e6531
zip_read,plain,3,main,ok,19.0,0.057836,253814784,109707008,a0f47fe244379a5f93475a17011b2afbf8aea9f989a89c56970ae92af0ca9edc,85ea5c99ddb00e9c75fcb64a872797dbcabfec9c6fdcf01241ca8869879e6531
zip_read,plain,3,current,ok,20.0,0.058666,260971360,112422729,a0f47fe244379a5f93475a17011b2afbf8aea9f989a89c56970ae92af0ca9edc,85ea5c99ddb00e9c75fcb64a872797dbcabfec9c6fdcf01241ca8869879e6531
zip_read,plain,4,current,ok,19.0,0.059258,260943667,112024441,a0f47fe244379a5f93475a17011b2afbf8aea9f989a89c56970ae92af0ca9edc,85ea5c99ddb00e9c75fcb64a872797dbcabfec9c6fdcf01241ca8869879e6531
zip_read,plain,4,main,ok,18.0,0.058222,253823627,109527873,a0f47fe244379a5f93475a17011b2afbf8aea9f989a89c56970ae92af0ca9edc,85ea5c99ddb00e9c75fcb64a872797dbcabfec9c6fdcf01241ca8869879e6531
zip_read,plain,5,main,ok,18.0,0.059426,253837649,109616359,a0f47fe244379a5f93475a17011b2afbf8aea9f989a89c56970ae92af0ca9edc,85ea5c99ddb00e9c75fcb64a872797dbcabfec9c6fdcf01241ca8869879e6531
zip_read,plain,5,current,ok,18.0,0.058015,260978931,111992010,a0f47fe244379a5f93475a17011b2afbf8aea9f989a89c56970ae92af0ca9edc,85ea5c99ddb00e9c75fcb64a872797dbcabfec9c6fdcf01241ca8869879e6531
zip_read,optimize,1,main,ok,18.0,0.057571,254178594,110002344,a0f47fe244379a5f93475a17011b2afbf8aea9f989a89c56970ae92af0ca9edc,85ea5c99ddb00e9c75fcb64a872797dbcabfec9c6fdcf01241ca8869879e6531
zip_read,optimize,1,current,ok,18.0,0.059182,261270915,114947907,a0f47fe244379a5f93475a17011b2afbf8aea9f989a89c56970ae92af0ca9edc,85ea5c99ddb00e9c75fcb64a872797dbcabfec9c6fdcf01241ca8869879e6531
zip_read,optimize,2,current,ok,19.0,0.061978,261282808,112345509,a0f47fe244379a5f93475a17011b2afbf8aea9f989a89c56970ae92af0ca9edc,85ea5c99ddb00e9c75fcb64a872797dbcabfec9c6fdcf01241ca8869879e6531
zip_read,optimize,2,main,ok,19.0,0.05877,254182290,110990179,a0f47fe244379a5f93475a17011b2afbf8aea9f989a89c56970ae92af0ca9edc,85ea5c99ddb00e9c75fcb64a872797dbcabfec9c6fdcf01241ca8869879e6531
zip_read,optimize,3,main,ok,19.0,0.058485,254180810,109317662,a0f47fe244379a5f93475a17011b2afbf8aea9f989a89c56970ae92af0ca9edc,85ea5c99ddb00e9c75fcb64a872797dbcabfec9c6fdcf01241ca8869879e6531
zip_read,optimize,3,current,ok,18.0,0.059459,261259433,112834240,a0f47fe244379a5f93475a17011b2afbf8aea9f989a89c56970ae92af0ca9edc,85ea5c99ddb00e9c75fcb64a872797dbcabfec9c6fdcf01241ca8869879e6531
zip_read,optimize,4,current,ok,19.0,0.061465,261288691,114375501,a0f47fe244379a5f93475a17011b2afbf8aea9f989a89c56970ae92af0ca9edc,85ea5c99ddb00e9c75fcb64a872797dbcabfec9c6fdcf01241ca8869879e6531
zip_read,optimize,4,main,ok,19.0,0.057289,254198643,110062738,a0f47fe244379a5f93475a17011b2afbf8aea9f989a89c56970ae92af0ca9edc,85ea5c99ddb00e9c75fcb64a872797dbcabfec9c6fdcf01241ca8869879e6531
zip_read,optimize,5,main,ok,19.0,0.057789,254190244,110999647,a0f47fe244379a5f93475a17011b2afbf8aea9f989a89c56970ae92af0ca9edc,85ea5c99ddb00e9c75fcb64a872797dbcabfec9c6fdcf01241ca8869879e6531
zip_read,optimize,5,current,ok,19.0,0.058968,261268017,111853781,a0f47fe244379a5f93475a17011b2afbf8aea9f989a89c56970ae92af0ca9edc,85ea5c99ddb00e9c75fcb64a872797dbcabfec9c6fdcf01241ca8869879e6531
zip_write,plain,1,main,ok,44.0,0.076022,457960458,207398337,a0f47fe244379a5f93475a17011b2afbf8aea9f989a89c56970ae92af0ca9edc,f645ed28a3fe476aa22b678be75d758473dd217548ac663c8c1824df35f96bd2
zip_write,plain,1,current,ok,44.0,0.07687,465120597,214141143,a0f47fe244379a5f93475a17011b2afbf8aea9f989a89c56970ae92af0ca9edc,f645ed28a3fe476aa22b678be75d758473dd217548ac663c8c1824df35f96bd2
zip_write,plain,2,current,ok,45.0,0.077883,465115810,212293075,a0f47fe244379a5f93475a17011b2afbf8aea9f989a89c56970ae92af0ca9edc,f645ed28a3fe476aa22b678be75d758473dd217548ac663c8c1824df35f96bd2
zip_write,plain,2,main,ok,44.0,0.075158,457956206,209822755,a0f47fe244379a5f93475a17011b2afbf8aea9f989a89c56970ae92af0ca9edc,f645ed28a3fe476aa22b678be75d758473dd217548ac663c8c1824df35f96bd2
zip_write,plain,3,main,ok,45.0,0.07764,457983250,210754636,a0f47fe244379a5f93475a17011b2afbf8aea9f989a89c56970ae92af0ca9edc,f645ed28a3fe476aa22b678be75d758473dd217548ac663c8c1824df35f96bd2
zip_write,plain,3,current,ok,45.0,0.078584,465124425,216654998,a0f47fe244379a5f93475a17011b2afbf8aea9f989a89c56970ae92af0ca9edc,f645ed28a3fe476aa22b678be75d758473dd217548ac663c8c1824df35f96bd2
zip_write,plain,4,current,ok,44.0,0.075798,465132525,211712735,a0f47fe244379a5f93475a17011b2afbf8aea9f989a89c56970ae92af0ca9edc,f645ed28a3fe476aa22b678be75d758473dd217548ac663c8c1824df35f96bd2
zip_write,plain,4,main,ok,45.0,0.078187,457954299,211512663,a0f47fe244379a5f93475a17011b2afbf8aea9f989a89c56970ae92af0ca9edc,f645ed28a3fe476aa22b678be75d758473dd217548ac663c8c1824df35f96bd2
zip_write,plain,5,main,ok,45.0,0.077365,457988632,210929384,a0f47fe244379a5f93475a17011b2afbf8aea9f989a89c56970ae92af0ca9edc,f645ed28a3fe476aa22b678be75d758473dd217548ac663c8c1824df35f96bd2
zip_write,plain,5,current,ok,46.0,0.078451,465129462,216530556,a0f47fe244379a5f93475a17011b2afbf8aea9f989a89c56970ae92af0ca9edc,f645ed28a3fe476aa22b678be75d758473dd217548ac663c8c1824df35f96bd2
zip_write,optimize,1,main,ok,46.0,0.07875,458431018,212466617,a0f47fe244379a5f93475a17011b2afbf8aea9f989a89c56970ae92af0ca9edc,f645ed28a3fe476aa22b678be75d758473dd217548ac663c8c1824df35f96bd2
zip_write,optimize,1,current,ok,45.0,0.078443,465606956,213792811,a0f47fe244379a5f93475a17011b2afbf8aea9f989a89c56970ae92af0ca9edc,f645ed28a3fe476aa22b678be75d758473dd217548ac663c8c1824df35f96bd2
zip_write,optimize,2,current,ok,45.0,0.078086,465594989,213675172,a0f47fe244379a5f93475a17011b2afbf8aea9f989a89c56970ae92af0ca9edc,f645ed28a3fe476aa22b678be75d758473dd217548ac663c8c1824df35f96bd2
zip_write,optimize,2,main,ok,45.0,0.077488,458409043,211765319,a0f47fe244379a5f93475a17011b2afbf8aea9f989a89c56970ae92af0ca9edc,f645ed28a3fe476aa22b678be75d758473dd217548ac663c8c1824df35f96bd2
zip_write,optimize,3,main,ok,46.0,0.079071,458413812,209210120,a0f47fe244379a5f93475a17011b2afbf8aea9f989a89c56970ae92af0ca9edc,f645ed28a3fe476aa22b678be75d758473dd217548ac663c8c1824df35f96bd2
zip_write,optimize,3,current,ok,45.0,0.077981,465619552,213558643,a0f47fe244379a5f93475a17011b2afbf8aea9f989a89c56970ae92af0ca9edc,f645ed28a3fe476aa22b678be75d758473dd217548ac663c8c1824df35f96bd2
zip_write,optimize,4,current,ok,45.0,0.076576,465601894,213662860,a0f47fe244379a5f93475a17011b2afbf8aea9f989a89c56970ae92af0ca9edc,f645ed28a3fe476aa22b678be75d758473dd217548ac663c8c1824df35f96bd2
zip_write,optimize,4,main,ok,44.0,0.075432,458426886,209474017,a0f47fe244379a5f93475a17011b2afbf8aea9f989a89c56970ae92af0ca9edc,f645ed28a3fe476aa22b678be75d758473dd217548ac663c8c1824df35f96bd2
zip_write,optimize,5,main,ok,45.0,0.075449,458429488,209289181,a0f47fe244379a5f93475a17011b2afbf8aea9f989a89c56970ae92af0ca9edc,f645ed28a3fe476aa22b678be75d758473dd217548ac663c8c1824df35f96bd2
zip_write,optimize,5,current,ok,45.0,0.077809,465618702,216801718,a0f47fe244379a5f93475a17011b2afbf8aea9f989a89c56970ae92af0ca9edc,f645ed28a3fe476aa22b678be75d758473dd217548ac663c8c1824df35f96bd2
